hours_studied,attendance_pct,previous_score,assignments_completed,sleep_hours,internet_usage,extracurricular_activity,family_support,score
6.8,85.9,72.6,10,5.0,3.1,high,medium,97.3
3.4,85.6,83.5,10,8.1,1.9,medium,medium,94.3
7.9,82.4,47.9,10,6.9,3.0,medium,medium,91.9
8.4,91.4,65.7,9,6.3,2.6,low,low,100.0
1.1,89.9,82.4,9,6.7,5.1,low,low,74.2
2.7,75.3,71.0,9,8.2,2.9,high,low,81.7
6.3,74.8,92.0,9,7.9,0.9,medium,low,98.5
5.2,91.4,46.4,9,6.8,3.7,low,medium,77.6
6.0,81.5,44.6,4,5.6,5.7,low,medium,67.7
3.9,90.4,81.5,6,5.7,4.8,low,low,88.0
8.2,94.2,83.0,5,7.9,1.3,medium,medium,100.0
7.9,77.8,67.1,11,5.5,2.6,medium,low,95.6
6.2,76.7,76.0,12,6.9,3.0,high,high,98.4
8.8,100.0,81.2,3,10.0,3.0,medium,medium,100.0
7.2,90.8,57.8,12,7.6,3.6,high,medium,95.6
3.9,84.6,59.4,8,7.9,2.5,low,medium,93.9
6.9,80.5,72.8,11,5.7,1.6,low,medium,100.0
3.6,83.9,83.6,9,5.5,4.4,low,medium,90.8
8.2,78.5,52.5,12,8.0,1.3,low,high,93.5
5.9,95.1,67.0,9,6.7,1.8,high,low,100.0
5.5,81.8,66.3,5,8.4,1.3,high,medium,91.1
4.3,96.7,76.3,8,7.2,3.9,low,high,100.0
9.1,84.8,69.9,9,10.0,3.2,medium,medium,100.0
5.6,79.7,61.8,7,6.4,4.3,medium,medium,74.8
4.9,84.6,88.7,10,7.5,1.8,medium,high,100.0
5.1,67.0,61.9,8,6.0,1.1,low,medium,80.0
7.3,87.0,65.6,7,8.4,2.3,low,low,95.4
6.9,86.6,46.1,5,7.6,2.7,low,high,88.6
7.0,94.6,59.3,7,6.0,3.3,high,low,97.1
7.1,72.9,77.7,9,6.7,0.5,medium,high,100.0
11.4,97.3,74.8,3,8.8,3.7,medium,low,100.0
5.0,94.6,79.0,6,8.6,1.7,high,low,90.4
4.7,98.0,78.3,3,5.4,2.0,low,medium,93.1
4.0,87.6,100.0,6,6.6,4.8,low,high,94.4
7.5,96.1,58.8,11,9.3,0.0,low,low,100.0
8.8,76.2,45.7,5,6.9,3.5,medium,medium,78.6
5.7,93.7,54.2,10,7.3,3.5,medium,medium,91.7
3.9,81.8,59.4,12,8.4,1.8,low,low,89.3
3.9,74.8,55.4,12,5.5,2.3,low,low,74.0
7.6,79.0,71.4,8,6.0,4.8,medium,high,89.8
7.9,88.0,88.8,10,6.7,5.9,medium,medium,100.0
7.4,81.4,93.1,5,8.6,4.6,low,medium,89.5
4.3,91.0,77.6,4,8.3,5.8,medium,low,100.0
6.6,73.5,100.0,8,8.0,2.0,low,low,100.0
6.3,71.0,64.7,9,7.0,0.6,low,medium,83.7
6.5,99.0,45.5,11,8.5,2.9,low,medium,98.7
8.2,95.2,85.8,7,6.9,4.2,medium,high,93.7
6.6,79.6,42.4,8,7.8,0.2,medium,low,81.0
7.7,88.0,58.7,8,8.2,1.6,medium,medium,95.9
6.2,96.2,77.8,8,9.2,1.8,low,medium,94.3
6.7,91.4,68.5,8,7.1,3.5,medium,medium,93.5
7.6,89.2,67.1,6,6.7,3.3,low,high,100.0
2.4,96.8,52.3,9,8.7,1.8,low,medium,85.0
5.2,82.2,69.8,8,8.8,3.3,medium,low,94.7
4.8,88.2,85.1,7,6.5,1.3,medium,high,93.1
4.4,87.9,70.3,10,5.8,2.4,low,medium,84.7
5.3,85.8,57.5,11,8.6,1.1,low,low,90.3
9.7,84.9,51.3,10,5.1,2.8,low,medium,82.1
3.8,88.6,57.9,5,5.1,1.8,medium,medium,71.6
8.4,88.3,75.9,8,6.8,4.0,medium,low,94.7
1.8,79.6,75.2,6,7.1,3.0,medium,medium,67.8
5.2,94.4,58.0,8,5.7,2.7,low,high,94.5
6.4,80.2,36.8,6,7.3,5.7,low,medium,74.8
7.5,86.3,76.3,11,7.3,3.6,low,medium,100.0
7.8,85.6,56.5,10,6.4,2.4,low,medium,100.0
8.0,90.9,80.3,11,9.4,2.1,medium,medium,100.0
5.1,71.0,58.7,11,7.5,1.2,low,medium,80.3
4.8,95.1,55.2,7,8.4,2.9,low,low,92.4
8.1,82.6,72.3,7,5.3,3.5,low,medium,100.0
5.5,97.8,100.0,12,5.2,0.1,low,medium,100.0
2.8,84.2,81.2,8,7.6,1.0,high,medium,95.3
3.2,87.6,72.0,5,9.2,2.2,high,medium,83.0
3.7,100.0,75.4,11,5.8,1.4,medium,medium,95.9
7.2,85.8,43.7,8,7.2,3.1,low,medium,88.6
6.4,97.9,53.2,12,5.5,3.3,medium,medium,100.0
7.7,88.3,32.3,9,6.1,2.8,medium,high,89.7
4.9,91.3,95.9,8,7.2,3.8,medium,high,100.0
6.4,88.6,92.9,12,6.4,2.1,low,high,100.0
7.6,94.8,75.9,4,5.4,2.9,low,high,99.1
5.2,82.5,72.0,7,5.4,1.5,low,high,85.1
7.1,80.1,46.7,6,4.7,3.4,low,low,77.7
4.3,82.9,66.7,3,7.6,3.1,medium,medium,81.7
5.1,88.8,96.9,10,7.7,1.2,high,medium,100.0
5.0,86.2,72.0,7,7.7,2.8,low,medium,84.1
3.0,93.7,61.5,10,5.9,2.9,medium,high,93.9
7.2,98.4,43.6,9,8.2,3.4,low,medium,92.4
4.8,80.2,90.7,10,7.8,3.5,low,low,100.0
6.0,82.1,68.9,7,7.0,1.9,medium,medium,95.0
7.2,76.5,43.6,6,6.8,4.1,low,low,85.3
7.1,100.0,56.1,8,6.2,3.8,high,medium,100.0
7.7,90.4,50.8,10,7.2,1.9,high,low,100.0
5.8,91.8,68.0,8,8.9,1.3,low,low,90.8
4.9,77.3,73.1,6,8.4,2.0,low,medium,85.6
5.8,88.0,62.5,5,6.7,0.8,low,medium,87.3
1.8,92.1,81.7,9,7.6,3.3,high,medium,92.2
2.4,86.0,71.2,7,5.7,4.8,low,low,81.8
2.7,96.6,85.9,8,7.9,5.1,medium,high,93.7
3.5,100.0,64.6,7,6.0,1.4,low,low,97.0
7.0,80.4,100.0,7,7.8,4.2,medium,medium,100.0
3.7,79.8,61.5,9,10.0,3.1,low,high,90.1
5.1,81.0,56.5,9,6.3,0.0,high,high,88.7
9.2,100.0,54.6,12,10.0,2.5,medium,medium,100.0
5.1,96.3,66.8,10,7.6,2.3,low,medium,90.3
7.8,86.9,44.2,12,6.1,4.8,low,high,93.2
3.7,88.3,74.4,6,6.0,1.7,medium,medium,91.5
5.5,81.5,41.4,4,9.8,3.8,medium,high,79.0
3.6,95.1,72.4,8,7.6,2.8,high,medium,91.6
5.2,85.0,49.7,10,6.3,0.8,low,high,85.6
8.1,85.9,64.3,10,6.8,2.2,high,high,100.0
1.7,92.9,79.1,11,7.5,5.3,low,medium,95.9
7.1,86.5,100.0,2,7.0,2.7,high,high,100.0
6.6,86.1,53.8,11,7.4,4.4,high,medium,100.0
4.5,88.1,67.7,9,9.1,4.3,medium,low,98.8
2.4,94.4,59.1,4,5.6,2.3,high,medium,74.2
6.2,100.0,57.0,10,7.8,1.1,medium,medium,100.0
4.7,92.7,59.3,8,6.9,1.3,medium,medium,80.6
6.6,94.4,82.4,9,6.4,5.2,low,medium,100.0
6.1,86.4,62.7,10,8.3,3.2,low,medium,98.1
10.0,82.3,100.0,9,5.2,0.4,medium,low,100.0
5.4,93.2,76.2,4,4.2,4.3,high,high,100.0
3.4,89.4,54.8,8,7.3,0.3,high,high,85.4
6.4,76.6,64.5,4,6.8,1.8,medium,low,75.7
6.5,85.4,58.0,10,5.4,3.1,high,high,92.1
9.4,87.3,82.0,11,4.9,6.8,medium,low,100.0
8.1,83.9,45.4,5,9.3,4.2,medium,medium,93.5
6.9,99.9,49.9,6,7.6,2.3,low,high,93.8
9.7,91.8,61.1,6,7.0,3.0,medium,low,98.9
3.0,99.0,80.2,7,9.6,4.4,medium,low,98.6
4.4,90.1,88.5,9,8.2,5.1,medium,high,98.8
3.7,88.7,90.7,7,9.1,2.6,medium,low,91.7
5.0,80.5,77.9,10,5.6,2.7,high,medium,100.0
2.6,88.1,68.8,11,5.5,1.8,high,medium,87.5
7.6,88.1,81.9,11,7.7,4.0,medium,low,99.3
5.4,77.1,52.8,5,7.5,4.5,medium,low,70.3
2.3,83.7,42.3,11,8.5,0.1,medium,high,90.6
3.5,85.4,76.5,12,5.0,2.4,medium,medium,94.0
6.8,91.3,54.9,12,7.8,1.2,medium,medium,100.0
8.1,91.7,69.0,8,8.2,3.2,high,medium,97.6
11.0,83.3,71.8,6,8.1,1.1,high,medium,100.0
13.3,91.8,73.7,6,6.5,1.0,medium,medium,100.0
7.0,86.5,84.1,5,7.6,4.7,low,high,100.0
3.5,65.0,82.5,8,6.1,2.8,medium,high,85.6
0.7,84.1,72.9,10,6.6,2.9,high,medium,91.0
6.7,96.6,63.4,11,5.7,3.6,high,medium,100.0
4.0,74.5,71.6,7,6.1,4.5,high,high,87.1
5.0,88.9,61.1,8,6.7,2.4,medium,medium,87.4
4.5,100.0,67.1,8,6.4,2.4,medium,medium,93.0
5.6,81.9,100.0,6,6.1,2.4,low,medium,100.0
8.7,88.0,72.7,10,5.4,4.6,medium,low,100.0
6.4,77.6,76.8,9,9.4,2.9,low,high,100.0
5.6,100.0,59.4,8,6.4,2.6,high,medium,97.0
3.4,87.3,85.3,9,7.4,3.6,low,medium,99.1
1.8,88.4,81.4,10,4.9,5.7,high,medium,92.1
4.8,98.8,81.5,10,8.6,3.1,medium,high,100.0
5.9,93.3,73.2,6,7.2,2.6,low,medium,93.5
10.4,81.0,85.5,10,6.5,5.9,medium,high,100.0
6.3,82.8,89.1,9,6.5,5.0,medium,high,97.0
8.5,92.0,74.2,7,8.0,4.8,medium,high,97.4
4.8,83.0,68.3,9,4.0,2.2,medium,medium,84.3
3.0,71.1,83.4,9,6.0,2.1,medium,high,89.9
3.6,87.6,56.4,11,6.9,0.2,low,medium,74.9
4.2,76.2,59.2,5,6.8,4.4,high,high,85.1
11.3,100.0,69.2,11,10.0,3.1,high,low,100.0
3.9,89.4,43.9,8,6.6,0.3,medium,medium,65.8
8.1,80.8,82.4,7,8.2,4.8,low,medium,94.4
3.7,82.4,55.6,7,9.2,2.5,medium,high,82.0
8.3,72.9,62.9,5,7.8,2.7,low,low,76.0
7.0,79.2,66.8,4,6.2,0.7,high,low,90.2
5.6,96.1,70.6,10,5.5,3.7,low,high,100.0
5.9,100.0,64.8,12,7.9,3.8,low,medium,100.0
4.4,93.8,69.0,4,9.0,2.9,low,medium,79.4
7.1,87.3,69.1,6,7.7,2.4,medium,low,94.0
4.9,84.5,63.3,10,8.5,6.9,medium,high,92.1
2.9,80.3,58.4,8,10.0,1.2,medium,medium,82.4
2.8,100.0,86.2,10,8.0,1.9,low,medium,100.0
6.4,86.5,38.4,8,5.7,4.1,high,high,85.1
9.9,100.0,66.9,7,7.1,1.5,medium,high,100.0
6.4,99.1,63.0,7,8.6,1.4,low,medium,97.3
5.7,74.1,76.3,2,6.7,4.7,medium,low,76.0
6.7,82.7,48.2,5,8.8,3.9,medium,medium,88.0
9.3,82.6,62.5,10,6.9,3.7,medium,medium,100.0
6.5,87.4,68.5,11,7.4,3.3,low,low,99.9
5.0,87.5,86.1,12,6.6,2.0,medium,high,100.0
8.8,100.0,75.0,9,7.2,2.6,low,medium,100.0
7.1,79.4,52.2,2,7.3,2.9,medium,medium,76.6
9.8,89.8,62.7,6,5.1,4.3,medium,medium,97.5
6.5,92.9,83.3,11,6.5,3.6,medium,high,100.0
2.9,88.0,52.0,12,5.5,1.6,low,low,82.2
2.6,88.9,68.8,11,6.5,4.2,low,medium,87.7
10.1,79.6,69.9,7,6.0,0.5,low,medium,94.1
10.3,88.9,64.2,5,8.2,2.5,medium,high,100.0
5.6,92.1,100.0,8,8.2,1.3,low,medium,100.0
5.0,90.6,63.8,8,7.7,1.7,medium,medium,96.9
9.7,92.6,76.7,12,5.5,5.9,low,high,100.0
3.2,99.3,58.5,9,6.9,0.8,medium,medium,95.8
3.8,95.5,77.9,8,5.4,1.8,medium,low,91.8
7.6,88.6,83.1,8,6.8,3.8,low,low,96.1
5.0,78.6,61.2,9,7.8,2.3,medium,medium,87.3
6.0,83.2,69.2,10,8.2,3.2,medium,medium,97.6
5.6,86.2,56.6,6,7.6,5.1,medium,low,80.3
6.8,90.0,52.8,5,8.5,4.0,medium,medium,91.1
9.5,84.2,85.6,11,7.3,2.3,low,high,100.0
6.2,80.5,61.7,4,6.7,2.8,low,medium,70.5
7.6,78.5,33.8,12,8.0,3.8,medium,medium,90.3
0.9,74.8,96.5,3,8.1,4.0,high,low,63.3
5.9,86.1,58.0,7,6.4,3.0,low,medium,84.6
3.9,76.2,66.3,10,7.5,3.5,low,high,90.8
3.0,80.0,94.6,8,6.6,3.5,medium,medium,100.0
3.8,84.8,67.9,5,4.6,2.9,medium,medium,88.0
5.2,77.3,67.5,9,7.5,2.1,high,medium,99.4
8.3,91.0,51.6,8,5.4,4.1,low,low,84.7
2.7,93.9,45.5,7,7.4,3.4,high,medium,74.3
6.1,83.6,67.5,6,5.2,0.0,medium,low,79.7
4.8,84.5,75.4,8,6.1,1.8,medium,high,100.0
5.2,92.3,74.6,7,6.5,2.3,low,medium,86.6
8.5,82.3,62.8,12,8.4,2.7,low,medium,100.0
7.3,81.7,70.3,7,6.4,4.8,low,medium,88.8
9.3,97.6,42.4,7,5.7,7.8,medium,high,86.9
5.6,95.1,76.9,7,7.4,0.0,low,low,96.0
4.3,92.8,72.4,12,6.7,3.5,low,low,99.1
5.4,95.4,99.6,4,7.9,3.1,low,high,88.5
6.6,72.2,70.1,9,5.8,2.7,high,high,89.0
6.4,98.8,55.9,7,7.3,3.8,low,low,91.7
3.3,91.1,69.2,4,10.0,3.2,medium,low,82.7
6.2,96.1,65.1,6,6.7,2.5,medium,medium,89.6
6.6,91.1,76.5,9,7.2,3.0,high,low,100.0
12.3,88.4,70.4,6,5.0,3.8,medium,medium,96.4
10.7,85.8,51.1,9,6.0,3.7,medium,medium,95.6
3.9,90.9,45.5,12,7.6,3.3,low,medium,91.8
5.3,85.5,73.9,8,6.6,2.1,low,medium,90.0
2.3,94.9,90.7,4,7.7,7.2,low,high,93.0
4.5,75.3,71.2,6,7.5,3.5,medium,high,79.8
6.8,83.7,82.2,7,5.4,4.1,low,medium,92.0
9.0,100.0,85.2,7,8.2,2.2,medium,medium,100.0
4.2,83.0,74.0,8,5.5,3.3,medium,high,79.9
4.4,86.1,57.8,9,6.1,3.3,medium,medium,83.6
0.6,80.9,72.9,12,7.3,0.1,low,low,89.0
5.6,90.7,88.1,8,8.9,1.9,high,low,100.0
3.3,82.1,77.9,5,5.8,1.9,high,medium,92.2
4.7,86.5,81.2,11,7.2,2.1,low,low,96.7
3.8,94.8,63.1,11,7.2,1.4,low,high,84.0
5.8,82.4,67.0,9,7.8,3.1,high,low,95.9
1.6,94.3,68.2,7,8.4,5.1,high,medium,81.3
2.3,94.6,69.2,10,6.5,3.2,low,high,92.3
11.3,96.4,87.5,7,8.2,1.2,low,low,100.0
2.8,89.1,34.8,3,8.6,1.5,high,medium,65.3
3.3,100.0,70.5,9,9.1,2.4,medium,high,100.0
10.6,96.4,68.8,10,7.6,0.9,medium,low,100.0
13.3,90.6,49.4,12,7.2,3.5,low,medium,100.0
3.1,81.0,80.1,6,6.4,5.0,high,low,85.5
5.1,87.2,59.1,9,5.2,2.1,medium,medium,84.9
6.9,99.4,64.6,9,6.7,3.1,medium,medium,97.9
10.3,100.0,97.7,8,7.1,2.4,medium,high,100.0
3.5,99.8,85.1,8,6.9,2.1,low,medium,93.8
5.4,94.3,78.6,8,7.7,3.3,medium,medium,96.2
7.9,78.0,75.7,9,5.3,2.0,medium,high,91.4
7.1,91.9,67.5,10,6.8,1.8,medium,low,100.0
5.1,78.1,100.0,11,9.4,0.6,high,high,100.0
5.7,76.1,82.0,6,8.2,3.1,medium,medium,85.6
2.6,89.9,58.8,8,7.7,4.6,low,medium,86.7
5.4,92.2,49.0,7,7.5,4.1,low,medium,83.5
5.3,95.2,78.5,7,6.6,5.2,medium,low,89.3
6.6,92.0,69.2,4,4.9,2.0,low,high,93.6
4.6,92.3,48.6,8,7.5,4.3,medium,medium,82.9
7.2,80.1,76.4,9,4.1,1.3,low,high,89.3
8.5,87.2,66.0,8,6.6,4.1,low,high,100.0
6.4,75.9,78.0,8,7.0,5.5,low,medium,89.5
6.9,72.0,76.6,9,6.5,3.7,medium,high,100.0
6.1,93.9,60.9,12,9.6,5.5,low,low,97.5
6.0,82.0,79.5,7,9.2,2.1,medium,low,83.1
4.2,95.0,62.5,5,8.2,2.8,low,medium,94.6
6.8,96.9,63.5,8,5.9,1.6,high,low,95.2
5.8,83.0,62.0,12,9.3,3.1,medium,medium,100.0
11.2,92.7,87.0,5,7.7,3.4,medium,medium,100.0
9.9,82.7,65.8,10,5.9,3.0,high,medium,97.6
7.0,73.2,90.6,11,7.0,2.3,high,high,98.1
4.1,89.0,96.8,2,8.2,2.3,high,high,100.0
3.2,84.2,58.9,9,6.3,3.5,low,medium,73.5
9.0,84.5,26.2,10,7.2,2.8,low,high,98.0
6.7,100.0,85.7,7,7.4,1.3,medium,high,100.0
7.2,75.8,64.9,6,5.7,0.2,medium,high,90.9
1.6,91.1,57.0,7,6.7,2.1,medium,low,71.8
8.3,80.0,61.2,7,5.8,0.9,medium,medium,100.0
7.1,95.3,63.8,7,8.0,1.7,low,low,90.0
3.2,90.4,89.5,7,5.9,2.4,low,low,86.1
4.8,91.0,72.4,7,7.4,2.8,medium,low,94.7
6.7,80.4,89.3,11,5.3,2.0,medium,medium,100.0
6.1,81.9,77.4,5,5.6,6.3,high,low,83.0
5.3,95.4,65.4,4,5.6,1.1,medium,medium,83.1
5.7,100.0,64.1,11,6.7,4.8,low,medium,100.0
5.4,91.8,78.4,8,7.2,2.8,low,medium,100.0
6.4,80.8,82.3,7,7.4,2.0,low,medium,100.0
9.7,90.7,85.0,8,4.9,3.9,low,high,98.6
0.0,100.0,66.1,9,6.8,2.3,medium,high,91.2
5.4,88.8,72.6,7,6.1,1.8,medium,high,87.5
6.4,99.7,78.8,9,7.6,5.7,high,medium,100.0
6.7,82.1,64.2,6,6.7,0.0,medium,medium,84.5
5.1,87.7,53.0,7,6.9,2.6,low,low,77.6
1.6,93.0,57.9,2,6.1,3.3,medium,medium,62.4
6.8,91.2,66.4,11,9.1,5.1,low,high,91.6
10.3,81.9,79.9,8,5.5,2.4,low,low,100.0
2.2,81.5,88.9,10,6.5,7.0,medium,low,97.4
8.2,95.9,49.7,9,7.1,4.1,medium,high,99.1
5.2,97.5,61.0,9,6.7,0.0,low,medium,88.0
5.8,100.0,64.6,8,6.1,0.8,medium,medium,100.0
3.4,100.0,81.9,9,4.8,3.4,medium,high,98.3
5.2,89.1,62.1,6,6.2,1.3,low,medium,80.1
9.3,85.5,63.6,5,5.8,3.8,medium,high,85.0
7.5,98.8,48.8,8,9.0,2.3,low,medium,97.2
10.3,93.7,77.3,6,9.7,1.2,medium,medium,100.0
8.9,80.1,67.6,12,6.9,1.6,medium,low,100.0
7.1,79.7,60.2,9,5.3,4.3,medium,medium,92.6
10.4,91.9,66.1,6,7.9,0.0,medium,low,100.0
7.1,86.6,86.9,7,5.8,4.6,low,low,99.9
8.1,87.8,54.9,8,6.3,4.6,low,medium,91.4
5.3,96.6,57.4,8,6.2,2.5,medium,medium,93.0
6.2,94.1,88.8,9,6.4,0.9,low,low,100.0
4.3,98.6,71.1,8,6.6,3.8,low,low,100.0
8.5,72.5,80.0,5,5.4,2.3,medium,medium,85.4
3.1,90.0,76.0,3,6.2,0.7,low,low,82.8
8.0,93.6,69.5,7,8.2,5.9,medium,low,89.3
5.5,75.8,64.8,9,7.0,1.7,medium,high,99.0
8.9,82.8,82.5,7,7.2,0.8,medium,medium,100.0
7.9,81.3,87.4,11,4.3,3.4,high,high,100.0
10.6,88.2,86.3,8,8.1,2.9,medium,low,100.0
7.8,100.0,52.2,11,6.2,5.2,high,medium,100.0
2.1,100.0,89.6,11,8.3,2.4,medium,low,100.0
5.8,81.5,64.6,11,7.2,2.4,medium,medium,95.7
3.1,92.2,58.7,5,6.3,3.5,medium,high,77.3
4.7,92.5,67.5,8,5.0,3.3,high,high,100.0
9.8,91.1,82.5,11,9.6,3.3,medium,medium,100.0
7.6,91.2,78.1,9,8.0,3.4,high,medium,94.9
4.3,90.4,66.2,9,8.0,3.2,medium,medium,99.3
3.5,100.0,82.6,5,9.2,2.4,high,medium,99.9
6.1,96.8,72.1,12,7.3,4.2,medium,medium,100.0
3.0,79.5,61.4,6,8.6,2.5,low,medium,73.8
4.3,94.4,59.4,3,6.4,4.2,low,medium,70.4
6.8,95.1,76.2,7,7.9,5.1,medium,medium,96.4
8.9,90.5,68.8,2,6.2,2.0,low,medium,90.1
7.5,97.1,49.4,5,6.4,6.6,low,low,73.6
0.3,89.5,82.7,12,7.1,1.9,low,medium,96.3
6.8,89.6,62.8,7,5.5,1.9,medium,medium,91.9
6.2,89.0,93.9,4,7.4,3.8,low,medium,100.0
7.0,71.9,49.0,8,6.6,3.7,medium,medium,88.7
10.0,87.4,67.3,6,4.6,3.1,medium,medium,93.0
0.8,82.7,59.5,10,6.5,4.2,medium,medium,70.3
4.5,78.5,55.4,6,6.6,3.4,medium,low,71.2
7.5,99.5,62.7,9,8.0,6.1,low,medium,100.0
2.0,92.0,96.6,5,7.3,2.9,high,low,93.7
9.7,87.8,72.2,12,8.7,1.7,high,medium,100.0
6.9,83.5,58.1,9,7.6,2.2,low,medium,90.0
8.1,90.4,42.6,8,6.3,3.7,low,medium,90.9
4.6,95.9,44.2,7,6.9,3.7,medium,medium,73.2
8.0,81.4,62.0,7,6.6,3.3,high,medium,99.7
8.7,88.0,60.5,6,7.6,1.7,high,medium,90.1
6.6,94.9,66.6,6,7.1,4.7,high,low,81.9
6.6,72.5,35.9,12,6.2,5.9,high,high,100.0
6.7,87.5,68.6,7,7.0,3.0,medium,medium,94.5
3.8,84.6,85.4,3,7.6,5.7,low,medium,84.7
5.6,86.9,94.3,5,5.8,4.3,low,low,82.6
5.6,84.0,41.6,10,7.4,6.3,low,high,91.6
7.0,89.1,58.0,7,5.1,3.7,low,medium,94.5
8.5,100.0,57.2,8,8.3,3.2,low,medium,98.6
3.4,85.4,72.2,11,7.6,4.3,medium,medium,100.0
5.7,90.3,51.7,6,9.0,2.3,medium,medium,93.1
9.7,100.0,95.2,10,5.7,3.6,low,high,100.0
4.1,83.6,70.7,6,8.4,5.0,high,low,74.7
3.9,100.0,68.2,9,8.1,4.2,high,high,94.2
6.5,88.0,93.9,7,6.8,3.0,low,high,100.0
8.1,100.0,69.8,7,6.5,3.3,low,medium,100.0
6.0,94.0,76.0,10,5.7,4.1,medium,high,100.0
9.3,90.5,58.7,10,5.4,4.1,high,low,97.1
8.1,87.5,49.4,8,6.1,4.1,medium,medium,86.8
8.1,83.0,60.8,7,5.5,3.5,low,medium,97.8
7.4,88.6,100.0,12,8.9,1.8,medium,medium,100.0
11.8,95.2,79.5,9,5.2,2.0,high,medium,100.0
5.5,87.9,74.1,7,7.2,3.7,low,medium,96.3
1.0,85.5,55.4,6,7.5,4.2,medium,medium,77.3
10.0,86.0,83.7,11,7.4,4.1,medium,medium,100.0
4.9,95.9,49.6,8,7.5,2.0,low,medium,79.7
6.3,97.8,46.5,8,8.1,2.8,high,low,81.4
9.3,82.7,61.6,8,6.5,1.2,low,medium,100.0
2.0,82.7,99.3,9,7.1,0.9,high,low,97.1
2.9,91.0,98.5,8,6.6,3.1,medium,medium,100.0
2.0,100.0,63.2,11,8.6,5.0,low,high,96.1
4.0,97.2,59.9,11,9.5,3.1,medium,high,100.0
7.1,78.0,45.4,9,5.6,5.9,low,medium,87.6
7.3,85.9,71.2,11,4.6,2.8,low,low,100.0
6.7,80.6,72.4,8,7.7,3.0,low,medium,91.0
2.5,85.9,81.8,10,8.3,1.5,high,medium,100.0
0.2,100.0,83.7,11,9.3,2.5,high,low,93.0
6.1,76.6,67.0,11,7.9,1.2,low,high,99.6
4.8,75.0,78.3,10,8.7,0.7,medium,medium,91.1
7.1,81.4,59.5,10,9.0,1.2,high,medium,98.2
7.8,90.3,78.1,12,8.8,3.1,medium,medium,100.0
6.3,93.0,62.4,7,8.1,1.9,low,high,94.2
7.9,91.5,76.9,8,5.5,2.3,low,high,100.0
6.6,97.4,75.7,7,7.0,3.6,medium,low,99.3
7.3,73.9,71.0,7,7.4,0.7,low,medium,100.0
4.2,97.5,81.9,3,6.9,3.1,medium,high,95.3
5.6,85.5,46.4,11,7.0,4.3,medium,medium,89.6
6.5,93.9,54.0,5,8.9,4.4,medium,low,86.2
8.1,77.4,65.9,8,6.1,3.8,low,medium,96.9
5.0,88.0,48.4,4,8.0,2.9,medium,high,84.4
7.3,89.9,63.9,10,7.4,2.1,medium,low,90.9
5.3,97.2,64.4,6,6.0,2.9,medium,medium,93.1
5.7,75.3,89.6,5,5.7,5.5,low,medium,83.5
8.1,88.2,72.1,8,5.0,3.4,medium,medium,100.0
1.0,79.3,85.4,6,7.6,2.8,low,low,87.2
2.8,92.0,74.5,7,6.9,3.8,low,medium,88.2
2.3,94.2,62.0,8,6.0,3.1,medium,medium,70.7
0.2,98.3,72.0,10,4.7,3.3,medium,low,73.8
4.3,83.7,80.9,6,7.5,2.6,low,medium,93.1
7.9,95.4,87.9,6,6.8,2.4,medium,medium,89.6
5.3,98.9,68.0,8,6.1,4.5,medium,low,97.0
6.5,74.9,45.3,9,5.8,0.1,medium,medium,90.3
8.7,92.9,44.2,12,6.7,3.7,medium,high,100.0
9.3,95.7,65.1,5,7.6,2.3,high,medium,99.8
5.8,85.9,34.9,7,6.6,0.1,medium,medium,81.0
9.4,78.3,96.9,11,5.6,1.5,low,medium,100.0
6.2,95.5,79.0,12,6.9,2.9,high,medium,100.0
3.9,78.4,60.5,6,8.3,3.2,low,medium,83.2
4.5,86.6,53.4,6,7.0,4.1,medium,high,91.3
2.3,87.7,85.4,9,7.1,4.2,high,medium,100.0
3.8,93.7,53.3,7,6.6,0.7,low,medium,77.6
5.1,83.0,54.7,6,5.9,3.6,low,medium,84.1
8.0,82.5,58.5,9,5.9,4.1,low,medium,100.0
10.3,88.8,71.7,12,5.0,3.3,high,medium,100.0
2.5,96.1,79.3,5,8.4,3.8,medium,medium,93.9
7.0,100.0,87.9,12,7.6,0.1,medium,medium,100.0
3.4,75.9,85.7,7,7.1,1.5,low,medium,90.2
7.2,90.5,70.0,9,7.4,5.0,low,medium,100.0
5.7,79.3,85.3,12,7.4,2.6,low,high,100.0
1.4,96.2,59.9,9,6.1,6.3,high,medium,88.2
8.3,80.5,42.7,7,6.6,1.1,low,high,96.5
4.5,82.6,59.9,10,6.4,5.3,high,medium,80.0
4.7,83.3,57.9,8,10.0,2.1,medium,medium,91.3
3.3,87.4,60.5,9,8.2,4.3,high,medium,93.4
4.4,90.6,55.6,7,7.2,2.6,medium,high,92.9
7.1,91.9,63.1,10,8.6,3.2,medium,medium,100.0
5.5,88.0,79.3,5,8.5,3.9,low,low,84.1
6.8,77.4,95.7,5,5.3,2.1,medium,medium,100.0
6.9,93.8,44.1,4,6.7,4.2,medium,high,88.6
9.3,87.6,50.7,8,7.0,2.6,low,medium,93.4
5.1,97.3,58.1,4,7.7,3.3,high,high,82.9
2.3,82.3,81.5,6,6.7,0.0,low,high,87.5
8.7,75.2,66.9,5,6.9,2.5,low,medium,92.1
5.2,87.7,59.1,12,6.4,4.9,medium,high,99.8
8.8,98.4,80.8,6,8.3,4.0,medium,medium,100.0
7.0,89.3,84.3,5,5.3,4.3,low,low,96.4
5.7,86.4,69.7,9,6.5,3.1,high,medium,94.3
6.9,81.0,57.8,12,4.8,5.5,low,high,100.0
10.9,100.0,74.1,8,5.8,3.4,medium,medium,100.0
11.2,79.8,66.5,8,7.4,2.0,low,low,96.8
6.2,82.2,66.4,11,7.4,4.3,low,medium,98.9
6.4,92.6,62.3,10,6.6,4.4,medium,medium,100.0
8.7,73.2,83.9,9,8.3,3.9,high,medium,100.0
3.9,98.2,73.7,7,8.6,2.4,medium,medium,85.3
6.8,93.0,85.5,9,6.9,3.4,low,medium,100.0
5.9,95.2,90.0,5,7.3,5.1,low,medium,94.3
6.8,92.5,76.9,6,6.5,3.7,high,low,99.0
3.9,86.7,62.4,12,7.8,0.8,low,high,89.7
2.0,79.5,85.6,11,5.6,2.1,medium,low,97.0
0.8,86.9,77.0,9,9.2,2.0,low,medium,85.7
3.2,80.2,100.0,3,8.4,1.9,low,high,96.2
4.9,91.9,74.7,5,5.6,0.0,low,medium,85.8
5.3,94.5,80.5,6,6.1,5.8,low,high,93.5
10.8,99.8,74.4,8,7.5,1.7,medium,low,100.0
8.8,91.0,68.5,5,6.6,1.8,low,medium,88.5
3.6,95.4,66.1,7,7.7,0.1,high,medium,100.0
6.9,85.6,74.4,12,6.6,4.3,low,high,100.0
5.0,84.2,77.8,9,8.8,2.9,medium,medium,95.3
5.3,91.8,87.3,9,7.0,2.5,medium,low,98.4
6.5,84.9,74.6,5,9.9,2.6,low,low,92.4
7.5,90.2,63.1,4,7.7,3.9,low,high,96.6
5.2,79.5,65.1,5,5.4,2.3,low,medium,74.6
8.7,80.9,50.2,4,9.5,0.0,low,low,80.9
3.1,93.1,94.9,8,8.3,1.1,low,medium,100.0
6.0,95.1,61.9,9,7.5,1.0,low,low,100.0
12.5,80.1,84.5,6,7.8,3.4,low,low,100.0
6.6,93.4,74.1,8,5.6,4.4,medium,high,100.0
9.6,83.7,74.6,12,4.8,5.2,medium,medium,100.0
6.2,88.1,68.2,12,6.9,0.5,low,low,100.0
7.5,99.3,58.2,10,8.7,3.9,medium,high,100.0
5.9,94.5,55.5,8,7.5,2.1,low,high,96.0
5.6,94.4,95.9,10,9.1,7.4,high,high,100.0
4.1,100.0,71.7,11,8.6,5.1,low,medium,98.6
7.1,82.4,86.9,3,7.0,5.6,low,high,100.0
3.9,80.1,90.8,12,8.4,4.2,high,low,100.0
7.7,82.2,63.8,7,8.8,3.6,low,high,98.8
8.7,86.0,76.4,7,6.9,2.4,low,medium,100.0
6.9,69.2,70.7,7,6.7,2.1,high,low,82.1
5.3,86.3,52.6,9,7.2,1.8,medium,low,85.6
7.1,83.6,67.2,5,4.1,3.9,medium,low,86.6
5.2,94.3,78.8,7,7.3,5.3,low,high,98.1
8.3,90.8,62.5,9,7.9,2.5,low,high,100.0
1.4,83.2,65.1,9,7.2,1.9,low,low,87.8
5.2,92.7,67.4,9,7.4,0.8,medium,high,93.0
1.0,93.8,100.0,7,6.9,3.4,low,high,88.4
2.3,81.9,42.5,10,4.6,4.8,medium,low,68.8
9.4,84.1,77.5,11,9.0,4.9,high,medium,100.0
8.2,70.2,66.2,10,6.6,5.1,high,low,100.0
4.2,79.3,60.4,9,6.3,3.6,low,medium,88.5
2.2,82.1,65.8,10,8.6,3.1,medium,medium,94.4
0.0,88.6,80.0,10,8.2,4.9,medium,high,93.6
4.6,80.4,80.9,12,7.3,1.3,medium,low,97.3
12.1,83.9,72.8,11,7.9,2.3,high,medium,100.0
7.1,78.2,86.4,8,5.6,5.6,medium,medium,92.3
4.6,89.4,89.0,6,6.9,1.4,medium,medium,93.9
7.2,91.4,82.2,7,8.6,2.9,low,high,100.0
2.1,91.2,61.8,7,6.2,3.9,medium,medium,82.3
5.3,88.1,77.4,9,5.8,3.1,medium,high,100.0
6.2,75.7,77.5,6,7.1,4.7,medium,medium,85.6
5.8,83.0,57.8,11,7.1,5.3,medium,low,100.0
8.0,84.7,46.5,5,7.8,3.7,medium,medium,78.8
6.9,84.8,39.7,4,5.3,5.1,medium,medium,75.4
7.7,88.6,71.0,8,4.0,1.6,high,medium,100.0
4.3,99.4,74.5,6,8.1,2.8,low,medium,92.5
8.2,94.5,52.3,5,5.7,6.6,medium,medium,83.4
10.1,80.1,85.7,6,6.3,5.9,medium,high,100.0
3.6,93.4,72.3,6,4.4,1.1,medium,high,79.4
3.8,93.1,90.2,8,8.2,3.0,medium,medium,100.0
9.3,81.6,75.6,6,7.4,3.2,medium,high,100.0
5.5,94.8,54.0,7,7.4,3.6,medium,high,88.0
9.5,86.7,76.9,8,7.4,4.9,low,low,95.4
4.9,76.7,80.1,11,4.5,5.8,high,medium,91.0
9.6,91.6,61.8,12,5.8,3.1,medium,medium,100.0
6.3,89.7,48.4,8,6.5,4.7,low,high,100.0
6.6,86.2,71.5,9,6.1,4.0,low,low,95.7
9.9,87.7,55.0,8,6.7,3.0,low,high,100.0
5.1,82.2,86.8,9,7.3,0.5,low,low,100.0
3.6,92.9,63.9,9,8.2,4.5,low,medium,100.0
4.9,87.7,95.9,11,5.2,3.9,low,high,100.0
7.1,89.3,38.1,3,7.0,3.6,high,low,85.8
2.1,90.9,72.0,7,7.9,1.5,medium,high,86.6
7.6,78.8,91.4,9,5.9,5.9,high,low,100.0
4.7,80.8,56.6,8,6.8,3.2,medium,medium,83.7
8.9,70.3,67.6,6,7.6,1.3,medium,medium,91.7
0.0,92.5,64.0,5,7.0,1.0,high,low,76.3
4.0,78.3,59.7,10,7.8,4.0,low,medium,73.4
1.8,89.1,73.7,6,7.1,4.1,medium,medium,83.9
3.9,91.0,50.6,4,6.6,2.3,high,medium,72.6
6.6,92.8,68.3,10,5.6,3.7,high,medium,98.3
5.6,78.4,77.7,9,7.3,4.0,medium,medium,89.3
5.4,87.5,66.8,8,7.1,3.2,high,medium,91.7
5.6,100.0,55.0,6,5.8,1.9,medium,low,81.1
6.5,100.0,85.5,8,7.7,4.4,low,high,100.0
3.5,95.9,81.0,11,8.5,4.3,low,medium,92.6
7.8,90.7,54.4,4,6.2,3.9,medium,medium,86.1
7.7,80.0,50.6,4,6.1,1.7,low,low,72.9
7.0,93.7,55.7,6,6.1,1.0,low,high,81.0
7.4,86.7,78.2,8,5.0,3.1,low,medium,95.3
6.7,92.5,74.1,7,9.4,4.4,high,low,95.5
11.1,82.9,81.9,10,6.5,4.6,high,high,100.0
5.8,86.6,65.1,11,6.0,3.9,high,high,97.5
5.2,89.3,56.1,9,5.6,2.3,medium,high,81.7
4.1,90.0,83.8,9,6.5,1.8,high,medium,95.8
3.4,91.9,61.7,9,6.2,3.0,medium,medium,77.0
2.9,83.4,72.8,8,8.7,3.0,medium,low,93.9
3.8,77.3,46.8,5,5.5,4.7,medium,medium,77.1
5.8,100.0,61.5,5,5.2,2.3,low,medium,95.7
6.8,100.0,85.1,5,7.7,2.4,medium,low,95.5
6.1,91.6,59.3,8,6.9,6.1,medium,medium,99.4
4.1,77.4,82.2,9,6.7,5.3,high,medium,97.7
8.3,81.8,35.0,4,7.7,1.7,low,medium,72.7
7.8,92.1,61.6,8,7.2,5.2,low,low,91.6
5.6,98.7,67.4,6,6.9,1.3,low,high,92.1
4.4,78.3,96.1,5,5.3,2.3,low,medium,91.4
7.4,87.0,52.5,6,5.0,2.5,high,medium,90.6
6.5,89.6,80.1,5,6.2,2.9,medium,high,96.6
2.4,94.9,85.9,10,5.7,3.9,low,low,91.4
5.8,85.3,59.2,8,7.3,3.2,medium,high,99.4
6.7,75.5,64.4,10,4.8,3.9,medium,high,94.3
3.8,93.0,72.1,7,6.5,2.4,low,high,89.3
6.5,97.0,47.8,7,6.8,3.6,low,medium,85.9
2.4,87.3,63.2,12,7.0,3.1,low,low,87.7
9.3,91.2,89.1,4,7.5,0.9,medium,low,94.6
9.1,84.2,77.8,11,6.6,3.7,high,high,100.0
5.4,81.2,67.6,12,6.2,3.1,low,low,100.0
6.9,96.2,71.7,10,8.5,1.9,medium,medium,96.2
0.0,91.1,78.7,7,6.6,2.4,medium,high,86.4
3.1,91.9,81.6,12,8.7,2.4,low,medium,100.0
5.3,100.0,61.7,7,6.6,2.6,medium,low,95.9
3.3,79.6,93.0,6,7.0,5.6,low,high,95.0
7.8,83.6,89.7,7,6.8,6.1,low,medium,100.0
11.0,89.3,80.2,7,7.3,0.0,medium,medium,100.0
3.1,83.5,57.4,6,6.5,3.7,low,low,81.5
3.9,94.3,54.7,11,7.1,4.4,medium,medium,97.8
6.6,86.5,65.1,6,8.8,2.7,medium,low,99.7
10.0,80.1,70.9,8,8.3,4.4,low,high,100.0
2.9,88.5,43.5,4,8.3,5.5,high,medium,75.7
6.6,89.4,77.4,8,5.4,0.9,low,medium,95.7
10.6,95.5,89.3,5,5.6,3.2,medium,high,100.0
1.9,91.1,78.6,5,7.3,5.9,medium,high,87.1
2.8,91.7,59.9,8,7.9,1.1,medium,medium,72.4
4.9,90.6,58.1,11,6.4,2.8,high,high,96.6
4.7,86.5,74.5,9,6.2,2.3,low,low,97.2
8.0,82.3,67.7,9,8.7,4.6,low,medium,93.0
6.6,90.3,76.6,8,7.8,4.8,medium,high,96.5
1.6,85.3,79.0,7,8.3,3.2,medium,medium,93.6
7.3,100.0,86.4,10,6.5,3.0,medium,medium,100.0
4.6,98.7,53.0,7,6.4,0.4,medium,high,83.1
9.2,93.1,73.3,10,8.1,5.1,low,low,100.0
4.4,91.0,64.5,11,6.7,2.5,medium,low,93.6
4.4,87.3,68.5,6,6.3,2.8,medium,medium,92.7
7.4,77.9,83.0,6,5.9,4.5,medium,low,91.2
7.9,86.3,84.6,7,6.4,3.3,low,low,96.9
7.1,88.8,91.0,4,8.1,4.5,high,medium,100.0
1.8,89.8,76.4,7,5.2,3.9,medium,medium,77.8
7.3,91.8,68.3,11,7.8,3.3,low,medium,100.0
3.4,95.4,66.2,5,6.2,3.5,low,medium,83.3
6.6,82.5,44.0,11,6.7,1.3,medium,medium,100.0
2.4,82.5,90.1,7,6.8,2.8,high,medium,85.4
7.1,99.6,65.2,12,6.7,4.6,medium,low,100.0
4.0,94.2,77.6,6,6.7,1.7,high,medium,97.0
2.8,84.9,80.2,8,6.5,1.9,low,high,94.7
7.8,87.1,51.3,6,6.3,1.7,low,medium,87.2
6.6,87.2,56.1,6,8.6,3.2,medium,low,86.6
4.5,88.3,93.2,11,7.0,5.1,low,high,100.0
9.6,91.8,74.4,9,6.8,3.8,low,medium,99.5
4.9,100.0,61.3,11,6.2,0.0,medium,medium,97.7
6.1,89.5,68.1,5,6.5,4.0,low,low,94.1
6.7,93.3,86.3,10,6.2,2.3,low,medium,98.8
4.5,74.5,84.0,6,7.9,3.8,low,low,81.4
7.2,84.1,48.0,5,6.1,2.8,low,medium,77.4
4.7,97.8,94.5,9,4.3,1.7,low,high,100.0
5.0,91.2,84.5,9,7.1,2.9,low,medium,100.0
9.4,52.9,67.7,8,6.7,2.3,high,low,86.8
3.4,93.4,52.1,10,6.3,3.5,medium,low,77.5
0.0,100.0,85.8,10,8.1,1.7,medium,high,100.0
10.0,72.0,77.1,12,4.0,1.3,low,high,100.0
12.4,100.0,48.1,5,8.9,4.1,low,low,100.0
5.0,65.8,66.5,12,8.3,4.7,high,medium,94.4
1.2,95.5,100.0,12,6.2,3.9,medium,medium,100.0
5.2,87.9,70.2,7,6.5,2.0,high,high,85.8
5.3,69.2,58.9,4,7.6,1.9,low,high,79.5
5.5,91.6,54.9,5,7.6,2.0,medium,medium,84.3
3.2,97.2,96.6,7,6.2,4.3,medium,low,95.2
7.4,90.9,82.7,12,5.1,1.8,low,high,100.0
7.3,92.7,91.1,8,9.5,4.3,high,high,100.0
2.3,84.7,73.7,6,8.1,4.0,low,medium,88.0
7.7,73.1,88.8,6,7.2,4.9,medium,medium,96.4
11.1,93.5,57.3,5,7.2,4.6,low,low,92.3
6.4,100.0,72.4,10,7.7,3.8,medium,medium,100.0
5.2,97.0,74.3,8,7.9,0.8,medium,high,100.0
5.6,72.1,90.7,12,4.5,3.9,medium,low,100.0
7.5,75.9,74.8,10,6.6,3.2,high,high,100.0
1.7,81.2,60.6,10,6.5,2.4,low,low,77.9
6.4,75.3,71.0,7,6.8,5.0,high,medium,93.4
5.0,88.4,44.9,5,7.9,2.8,medium,medium,70.5
10.6,91.1,35.2,6,4.9,2.2,high,low,86.5
5.6,76.6,82.5,5,5.4,4.7,medium,medium,94.1
10.2,94.2,64.4,10,6.2,2.4,medium,medium,100.0
3.2,92.8,66.1,7,7.2,2.1,medium,medium,82.9
7.5,83.6,82.5,10,8.0,1.3,high,high,100.0
6.8,86.6,91.0,8,9.0,1.8,high,medium,100.0
3.8,72.4,78.0,7,6.7,1.9,medium,low,77.3
6.4,85.3,98.9,5,8.0,3.9,medium,high,99.0
9.0,88.1,77.5,9,7.9,1.5,medium,medium,100.0
5.2,89.3,74.5,7,7.7,0.2,low,low,85.9
1.8,91.0,73.6,10,7.0,3.5,low,high,87.8
6.0,90.0,50.7,6,6.5,2.0,medium,low,83.9
3.7,85.9,84.3,10,5.7,3.0,medium,medium,94.0
5.1,90.3,33.3,12,5.6,4.9,medium,medium,86.4
5.8,96.0,61.2,9,7.4,3.1,medium,medium,100.0
1.7,87.2,70.3,10,6.9,5.3,low,medium,78.2
2.0,90.5,58.2,9,6.5,2.9,low,medium,87.2
7.2,86.5,63.2,12,7.8,4.5,low,medium,99.6
4.7,82.8,97.6,9,6.8,2.2,low,low,98.5
0.0,92.2,86.6,10,5.9,3.2,medium,low,100.0
8.0,83.6,59.7,8,6.7,1.6,medium,high,87.9
6.7,91.1,63.0,6,8.0,1.8,high,high,99.9
4.2,88.2,50.8,5,5.8,2.7,low,high,83.8
2.7,85.6,80.6,11,7.3,1.0,high,medium,95.2
8.1,85.4,66.3,5,6.9,3.2,medium,medium,89.2
6.9,83.9,40.5,10,6.1,2.5,low,medium,84.2
12.0,74.8,71.5,9,6.6,3.4,medium,medium,100.0
7.1,91.1,76.6,10,5.1,1.0,high,low,100.0
7.0,89.9,84.4,7,7.1,4.1,low,medium,100.0
5.6,94.8,68.9,6,5.4,5.5,medium,low,86.2
8.0,83.7,64.4,9,8.3,5.2,low,medium,100.0
7.6,100.0,99.8,7,6.9,5.9,low,medium,100.0
9.1,85.0,70.1,5,6.3,3.1,low,medium,97.1
4.7,81.0,80.8,12,8.4,2.5,low,medium,100.0
4.9,80.1,61.9,6,5.8,3.7,medium,high,80.3
4.8,74.1,80.3,6,6.1,2.6,low,high,71.8
8.0,100.0,48.2,7,4.8,0.4,medium,high,97.3
9.7,99.0,63.1,11,8.6,4.2,high,high,100.0
4.9,92.8,51.9,3,9.2,2.6,high,medium,81.6
4.9,80.8,60.9,11,5.0,0.8,low,medium,95.3
6.8,100.0,88.8,6,6.0,2.2,low,medium,98.6
5.4,85.2,60.8,9,7.1,2.7,medium,high,95.9
8.4,85.8,80.8,6,6.4,3.0,low,medium,100.0
0.4,99.5,92.8,12,7.0,3.0,low,medium,100.0
3.9,93.3,69.6,8,6.9,5.1,medium,high,100.0
4.0,100.0,84.9,6,7.5,1.1,medium,medium,100.0
0.2,90.0,78.0,7,5.8,2.8,low,low,71.7
3.6,84.8,71.7,8,7.2,1.7,low,medium,93.1
3.7,83.1,81.3,8,5.7,4.9,high,medium,90.5
5.5,73.2,97.6,9,6.5,2.2,high,medium,97.8
8.8,85.8,60.4,8,4.9,2.5,medium,high,96.1
5.4,97.2,55.6,5,6.5,4.6,medium,medium,94.0
3.4,92.8,54.7,7,6.3,5.0,medium,high,80.6
5.9,88.2,84.9,10,8.1,5.2,low,medium,93.7
8.6,80.0,86.9,6,6.9,0.5,high,low,94.3
3.6,89.8,61.9,10,7.1,3.7,low,medium,92.0
3.7,96.1,38.0,8,7.0,3.4,medium,medium,74.9
7.4,91.4,59.9,7,4.4,2.9,low,high,81.0
5.4,89.3,78.2,11,4.6,3.1,medium,medium,92.8
7.6,81.6,69.0,4,6.6,4.9,medium,medium,89.1
6.0,94.9,72.7,6,7.3,4.6,medium,medium,100.0
7.8,62.9,62.1,11,6.7,4.3,medium,high,94.3
3.4,91.1,85.2,12,6.0,3.3,medium,low,100.0
6.0,100.0,75.1,12,6.7,6.4,medium,low,100.0
5.5,75.9,78.8,8,6.6,2.4,medium,medium,89.1
3.0,86.1,72.4,9,7.9,0.6,medium,medium,90.7
2.1,87.9,77.9,10,7.9,2.6,medium,medium,90.1
7.7,84.3,76.9,11,6.3,3.1,medium,low,100.0
5.1,96.3,56.1,9,6.9,5.0,low,medium,87.0
3.4,91.8,75.6,10,7.3,2.2,medium,low,88.1
5.8,89.2,81.9,9,7.5,3.7,low,low,100.0
8.8,94.4,87.3,9,9.0,0.8,medium,medium,100.0
0.3,88.1,76.2,6,7.0,4.6,low,low,79.1
2.3,100.0,55.5,7,8.4,3.1,high,medium,91.7
3.7,89.2,57.8,7,5.6,2.6,low,high,87.6
9.7,89.6,63.5,5,6.2,6.2,medium,low,93.9
6.7,74.3,72.8,4,4.4,4.6,low,medium,78.8
7.9,83.7,68.2,7,7.2,1.4,high,medium,93.0
3.1,97.2,53.1,7,7.8,2.8,low,low,71.2
3.2,77.3,53.1,8,4.0,7.1,medium,medium,83.1
7.1,70.7,38.5,9,7.2,6.0,low,low,78.5
6.1,88.3,23.2,8,7.7,4.4,medium,high,70.6
7.4,99.0,68.0,7,7.7,0.2,low,medium,100.0
5.5,88.3,100.0,6,5.6,5.0,medium,medium,100.0
6.7,85.3,97.0,10,7.9,2.0,low,high,100.0
6.4,73.1,55.3,8,7.0,5.0,low,medium,83.0
7.9,91.6,72.2,7,7.7,1.9,low,medium,95.0
8.0,93.3,48.0,8,6.8,3.7,medium,medium,94.8
2.0,73.7,50.3,6,7.5,2.0,low,medium,72.1
0.4,97.1,52.0,7,8.3,2.5,high,medium,75.9
8.5,94.1,66.6,7,6.8,3.9,medium,medium,100.0
9.0,97.1,67.3,7,7.3,1.0,medium,high,100.0
3.4,92.7,73.8,10,8.5,6.6,low,high,100.0
1.4,93.2,79.9,9,6.8,1.5,low,low,81.5
6.2,92.2,64.9,12,5.6,1.4,high,high,98.1
8.3,94.9,70.5,11,7.8,3.9,medium,low,100.0
10.5,73.4,53.6,12,8.7,4.9,medium,high,94.3
7.3,76.0,49.8,9,8.5,2.5,medium,medium,90.8
5.1,82.1,47.5,9,7.9,1.4,low,medium,85.8
3.8,87.0,79.7,7,4.2,1.6,high,medium,87.2
6.0,91.1,64.9,10,6.2,1.5,medium,low,95.5
5.3,90.6,41.9,6,6.3,3.5,high,high,85.6
3.5,96.9,69.1,4,7.1,2.9,medium,low,78.5
11.1,97.2,51.3,12,9.0,3.6,low,medium,100.0
10.5,81.0,94.9,5,5.7,3.5,medium,high,100.0
8.8,89.9,61.3,9,9.7,4.2,high,medium,100.0
3.7,81.2,80.2,6,6.5,2.4,low,medium,80.9
8.1,86.5,86.3,11,6.1,1.9,medium,high,100.0
7.6,90.6,55.7,11,8.0,3.2,medium,low,100.0
7.1,60.7,71.1,9,8.1,2.9,low,medium,88.7
9.1,100.0,78.3,11,7.8,3.4,low,low,100.0
7.6,92.5,71.7,8,6.1,1.9,medium,low,88.0
7.9,83.2,75.4,12,7.6,4.0,high,low,100.0
7.6,100.0,50.1,10,5.8,1.2,medium,medium,94.2
6.9,85.2,78.3,6,6.0,2.3,high,medium,100.0
1.5,89.1,62.7,8,6.9,4.7,low,medium,81.2
6.2,84.1,75.2,8,6.0,1.3,low,medium,100.0
4.6,100.0,83.8,7,8.3,4.6,low,medium,98.1
2.8,87.2,80.0,4,6.3,0.9,medium,medium,81.9
10.2,89.2,75.2,9,6.7,0.6,medium,low,100.0
10.3,97.6,79.6,5,5.9,0.8,low,high,100.0
9.4,92.7,80.3,2,8.2,3.2,medium,medium,91.3
6.6,87.6,92.4,7,6.2,4.1,medium,high,100.0
9.4,96.9,69.5,6,8.4,4.9,medium,medium,98.0
6.0,100.0,72.5,6,8.3,4.8,medium,medium,100.0
6.5,90.5,84.0,0,6.5,4.3,medium,medium,80.1
3.3,88.9,62.6,6,7.0,1.8,high,medium,94.6
7.0,89.4,50.0,8,6.4,1.7,medium,medium,89.3
6.2,98.5,77.4,6,7.7,4.2,high,medium,100.0
2.7,83.2,66.9,9,6.8,5.1,high,medium,91.1
5.9,85.8,51.9,11,6.5,1.5,high,high,97.5
5.8,75.7,77.5,9,7.1,4.9,low,low,94.6
10.5,78.5,91.5,11,5.1,0.1,medium,high,100.0
8.2,83.9,45.6,11,6.9,3.6,low,high,99.5
6.0,87.6,85.3,5,7.8,2.8,low,low,89.2
6.6,100.0,31.9,9,7.2,2.7,medium,low,79.7
6.1,92.3,64.0,10,8.1,3.0,low,medium,100.0
5.5,80.7,97.6,7,6.5,1.7,medium,low,98.3
3.3,82.2,65.1,6,6.4,3.7,high,low,68.4
5.6,99.0,71.3,9,5.7,3.1,low,medium,95.8
4.1,97.0,81.4,4,6.5,4.4,high,medium,100.0
2.9,88.2,44.3,5,9.4,5.4,medium,low,71.3
7.3,84.5,71.1,6,7.3,3.2,high,high,95.8
7.0,97.0,71.0,9,6.3,1.8,low,low,90.5
1.5,80.1,97.9,9,5.8,1.3,high,low,89.5
5.7,91.1,51.5,11,5.1,5.5,low,low,81.4
8.5,100.0,64.3,6,6.0,5.4,high,high,100.0
8.6,89.6,56.1,6,7.9,4.3,low,high,94.3
8.6,81.8,54.5,9,6.5,3.1,low,low,90.7
6.1,91.3,86.9,6,5.9,4.2,low,medium,92.7
3.9,84.2,70.4,6,6.0,5.0,medium,low,92.3
3.3,76.8,61.7,3,7.8,2.1,high,low,69.2
6.9,93.6,62.2,9,6.9,3.0,medium,low,91.3
6.9,96.9,61.6,12,6.2,1.3,medium,high,100.0
9.2,85.5,62.9,5,6.6,2.8,low,medium,92.7
8.7,85.0,51.0,11,9.6,5.3,high,medium,100.0
5.7,80.3,66.1,8,8.5,4.6,medium,low,95.5
2.9,86.8,64.6,4,8.8,3.2,high,high,87.2
5.2,83.5,58.6,6,4.9,0.0,medium,high,97.5
6.5,79.9,72.3,6,6.8,2.0,low,low,77.1
5.5,100.0,73.6,7,6.2,3.2,low,medium,97.2
4.6,91.7,61.7,9,7.7,2.7,medium,medium,89.2
6.6,92.6,67.8,12,8.3,3.0,high,high,100.0
4.7,95.1,100.0,4,7.4,3.4,medium,medium,100.0
4.4,94.2,100.0,7,6.0,2.2,high,low,89.7
6.8,84.7,54.2,6,6.2,3.0,high,medium,89.4
5.0,90.2,56.3,5,7.7,2.8,low,medium,83.1
6.6,85.8,54.1,8,7.9,1.9,medium,medium,95.8
6.7,91.5,85.9,8,7.2,5.8,medium,low,98.3
3.2,90.7,64.0,3,7.2,2.3,low,high,80.8
4.8,84.9,73.6,8,7.1,0.0,medium,high,93.4
9.6,77.4,100.0,5,7.3,5.7,low,medium,100.0
3.1,89.2,69.8,8,7.9,1.7,medium,medium,91.4
0.7,86.4,80.6,11,7.8,4.3,medium,medium,93.9
1.3,72.9,77.8,9,7.0,2.0,high,medium,93.0
6.1,92.1,61.2,8,6.9,3.9,medium,low,92.3
6.1,95.7,85.9,7,6.9,2.9,medium,medium,100.0
5.7,100.0,57.3,8,6.1,4.5,low,medium,84.3
9.0,84.9,90.1,9,6.0,2.7,high,high,100.0
0.0,83.7,61.2,9,7.7,2.0,medium,low,71.9
7.0,79.1,62.8,8,6.1,3.4,medium,medium,96.4
9.9,89.7,53.7,9,8.0,2.4,high,medium,100.0
3.2,89.6,56.1,5,6.9,0.1,medium,high,79.5
5.1,81.5,63.6,6,8.0,2.1,low,medium,89.4
4.1,86.6,33.5,10,7.8,7.3,low,medium,66.1
3.8,72.2,66.5,10,8.0,0.3,medium,medium,85.4
5.2,95.4,62.4,8,6.4,3.4,low,medium,95.9
9.6,81.8,81.9,12,7.5,2.6,low,medium,100.0
10.6,87.7,76.3,9,7.9,5.8,low,medium,100.0
5.2,76.6,59.4,7,5.1,1.3,medium,medium,68.0
10.8,83.3,63.1,5,9.0,3.2,medium,medium,97.2
6.1,85.8,66.5,12,9.7,4.0,medium,low,100.0
10.4,87.9,92.3,10,8.1,2.7,medium,medium,100.0
5.8,91.8,57.7,12,8.0,1.8,medium,high,100.0
6.3,99.5,59.2,12,7.7,3.0,low,medium,95.4
6.9,93.9,53.1,5,6.6,2.5,high,high,95.6
13.9,95.7,47.8,5,6.9,2.5,medium,medium,100.0
8.1,99.6,74.6,1,8.2,4.4,high,medium,90.7
4.2,92.6,73.0,10,5.8,3.6,medium,medium,100.0
8.4,87.7,89.2,10,5.7,3.8,low,high,100.0
5.1,96.1,85.6,8,6.5,3.5,medium,low,98.0
4.8,96.6,100.0,5,7.8,4.4,low,low,95.4
8.3,93.2,68.9,8,6.0,5.0,high,low,98.8
6.1,76.4,66.1,8,6.7,2.6,medium,medium,96.6
6.7,81.3,50.5,10,6.9,4.2,low,medium,79.4
6.0,85.8,80.4,9,5.8,1.1,medium,medium,100.0
6.8,94.2,71.8,10,4.1,0.0,medium,low,99.5
7.1,87.8,79.8,8,5.8,5.7,low,medium,96.7
1.2,97.1,52.9,11,7.3,2.5,low,low,82.5
7.7,98.5,75.3,10,7.6,3.4,high,high,100.0
3.5,97.6,73.1,5,7.6,1.2,low,medium,77.2
2.4,97.6,72.1,11,7.7,1.1,low,medium,91.5
5.9,79.7,59.8,11,6.2,1.9,low,medium,81.4
6.2,91.9,87.8,9,6.0,4.0,medium,medium,97.4
4.3,83.1,100.0,9,7.5,2.2,medium,medium,93.7
8.1,74.8,53.3,12,6.7,2.5,medium,high,100.0
2.6,85.7,80.8,4,8.1,1.9,high,medium,77.9
5.0,98.6,26.8,11,7.5,4.7,low,medium,84.2
4.5,91.7,80.0,7,8.5,4.3,low,medium,100.0
5.9,100.0,41.9,11,6.4,2.3,low,medium,96.5
6.7,89.4,62.1,8,8.3,4.0,medium,medium,94.5
3.5,100.0,50.3,5,9.4,2.6,low,high,80.3
7.8,89.4,66.8,7,7.1,2.5,medium,medium,97.7
6.2,88.2,82.6,11,7.6,2.9,high,medium,100.0
1.3,77.8,42.1,7,5.9,4.0,low,high,70.7
1.1,96.9,64.6,6,8.1,1.7,high,low,85.6
6.0,84.0,62.3,6,8.4,3.8,high,medium,100.0
5.4,82.8,93.7,10,6.4,6.7,medium,medium,100.0
5.7,98.2,76.5,12,7.7,3.3,high,low,100.0
5.9,97.3,52.3,3,7.3,3.1,medium,low,81.4
6.6,97.1,62.9,12,7.5,2.9,low,medium,100.0
8.4,85.1,93.3,9,8.0,3.7,medium,low,100.0
3.2,87.6,80.7,9,7.6,0.6,low,high,90.4
3.1,87.5,56.2,7,6.8,5.6,medium,medium,77.0
3.3,94.3,66.0,8,8.0,4.5,high,medium,97.1
6.7,100.0,66.5,8,8.3,2.0,medium,medium,100.0
9.1,90.9,61.9,5,6.3,3.0,low,low,99.9
4.9,100.0,44.3,6,7.0,2.2,medium,low,79.9
0.0,95.2,59.8,11,4.9,3.4,high,medium,87.5
1.7,86.1,90.8,4,7.7,3.1,low,medium,87.7
3.9,94.6,64.3,9,8.5,3.3,low,medium,91.9
4.6,100.0,68.5,7,6.7,1.5,low,medium,89.8
5.0,100.0,72.1,6,7.2,2.3,high,medium,85.7
6.1,97.5,100.0,12,6.7,4.7,medium,high,100.0
5.2,88.2,70.1,6,6.5,2.2,low,medium,86.7
8.6,86.3,86.4,5,7.3,0.0,medium,high,100.0
4.3,92.6,61.0,8,6.1,2.8,medium,low,92.5
3.8,100.0,66.1,6,6.7,6.6,low,medium,87.8
7.2,91.5,70.2,8,5.9,4.3,high,medium,100.0
2.2,91.6,58.4,8,7.7,2.1,medium,medium,84.9
7.0,88.4,66.9,9,7.3,2.9,low,low,100.0
6.3,85.4,83.3,8,6.5,4.0,high,low,98.8
5.6,86.7,58.0,6,7.0,0.4,low,medium,78.0
10.0,89.1,70.0,10,6.7,1.7,low,medium,100.0
4.4,100.0,80.6,8,8.4,3.6,medium,medium,100.0
11.2,86.1,57.6,7,6.5,5.4,low,medium,97.2
5.4,88.4,86.4,12,7.8,2.3,medium,low,100.0
2.8,81.1,71.1,8,6.2,5.4,low,medium,83.3
6.2,93.7,67.5,11,8.0,1.9,low,medium,99.7
3.3,98.9,39.9,11,8.2,0.0,high,low,94.4
4.1,100.0,64.4,11,8.3,4.1,low,low,100.0
7.0,89.6,75.6,10,8.8,3.8,medium,medium,100.0
7.4,92.6,96.2,8,7.4,4.1,low,medium,100.0
4.4,86.8,78.5,8,8.5,4.0,high,high,100.0
8.5,92.2,86.9,7,8.9,3.3,low,low,100.0
8.9,90.5,51.9,3,5.7,2.6,low,medium,77.7
9.6,88.5,68.1,10,6.3,2.7,high,medium,100.0
7.3,89.1,88.3,9,5.2,2.3,low,high,100.0
9.4,91.6,56.7,10,8.3,2.4,high,medium,100.0
1.3,85.6,84.5,8,5.2,0.3,medium,low,73.6
5.2,86.1,81.0,10,4.9,1.2,high,high,99.8
3.8,100.0,74.1,5,5.7,2.8,low,medium,81.6
6.3,100.0,65.1,5,4.9,0.0,high,high,99.1
4.6,78.4,55.2,2,7.3,0.0,low,medium,65.8
5.6,77.9,96.6,8,5.7,2.5,low,medium,96.3
10.7,80.3,79.5,6,5.0,2.8,medium,medium,99.8
5.6,87.2,75.1,6,6.9,2.5,low,low,93.3
7.0,95.2,63.8,9,7.0,0.0,low,medium,100.0
5.4,92.7,70.6,7,4.8,5.3,medium,low,92.2
6.2,89.4,72.5,4,6.1,0.8,low,low,92.9
6.0,92.2,76.0,12,6.9,1.8,low,medium,100.0
7.1,82.5,81.0,8,6.6,1.1,medium,high,91.5
8.9,86.0,58.3,5,6.6,4.9,medium,high,97.1
10.1,87.8,48.0,6,8.4,3.6,medium,medium,92.7
6.8,75.3,71.3,8,9.6,2.3,medium,medium,88.2
7.5,78.7,43.8,8,6.6,2.2,low,low,79.6
3.1,79.0,65.1,11,5.4,3.3,medium,medium,92.9
5.8,94.1,62.4,8,6.7,1.1,low,high,100.0
8.4,90.0,77.4,12,7.2,3.6,low,high,100.0
8.2,92.9,99.7,7,6.9,2.2,low,medium,100.0
6.5,73.3,40.8,9,7.7,3.8,medium,medium,95.3
8.2,76.1,100.0,11,9.7,3.7,low,high,100.0
7.2,93.3,66.5,11,4.9,2.1,medium,high,83.9
9.0,65.8,75.2,11,6.4,0.0,low,high,100.0
6.7,97.8,48.8,7,8.8,2.6,low,medium,96.9
5.1,73.4,85.0,8,6.4,0.8,low,low,77.3
6.8,94.7,70.6,2,7.9,3.1,medium,high,85.7
0.0,80.9,69.1,8,7.8,2.6,medium,medium,85.2
7.0,96.4,40.9,11,8.5,2.1,medium,low,95.8
0.0,100.0,71.1,10,9.3,1.1,high,low,87.8
1.7,69.8,82.7,8,7.4,4.8,low,medium,83.6
7.1,93.6,66.5,12,4.9,2.3,low,high,100.0
7.2,73.5,87.6,7,6.2,6.5,high,high,98.9
3.1,91.4,87.0,6,9.6,3.1,medium,high,96.2
4.2,86.3,60.4,7,5.3,3.5,low,medium,87.0
9.4,89.0,93.9,5,7.6,3.1,low,high,100.0
4.8,80.7,70.7,10,4.0,3.5,medium,low,80.4
11.6,94.2,70.7,9,5.4,4.6,low,low,100.0
6.0,76.4,71.5,10,8.1,4.7,medium,low,89.3
7.0,97.9,71.0,7,7.0,0.4,low,high,96.7
10.0,84.7,30.5,8,6.5,4.3,high,high,81.6
6.3,76.8,67.2,3,6.0,3.7,medium,high,83.3
3.5,100.0,49.5,9,4.6,3.1,medium,high,91.2
5.7,87.5,94.4,8,7.8,5.6,low,medium,99.8
5.9,100.0,93.8,5,6.7,5.6,medium,high,100.0
2.6,97.8,82.8,8,5.2,4.4,high,medium,93.4
5.4,81.6,66.4,7,7.0,2.2,low,high,84.7
4.1,87.3,54.9,12,7.7,1.2,medium,high,100.0
8.3,89.0,60.1,5,6.8,4.1,low,medium,85.6
6.1,100.0,99.1,9,7.1,5.0,medium,low,100.0
5.3,91.5,59.6,5,7.0,0.0,high,medium,82.5
5.7,89.4,34.7,7,6.2,4.6,medium,high,85.4
6.6,86.4,85.5,9,7.1,2.6,medium,medium,100.0
7.5,87.6,92.5,7,7.9,0.3,low,medium,100.0
3.5,98.4,94.9,8,8.2,3.7,high,high,100.0
3.4,88.0,85.6,9,7.9,4.4,medium,medium,100.0
8.8,84.8,88.0,7,6.2,2.5,low,medium,100.0
5.0,83.5,70.8,10,7.8,1.4,high,high,95.3
2.5,83.6,38.9,7,7.6,5.6,low,medium,70.6
7.1,76.8,70.4,8,6.1,2.0,low,medium,88.6
7.2,82.0,79.3,9,6.4,4.7,high,medium,91.5
2.2,100.0,68.0,9,7.8,0.7,low,medium,95.6
6.6,86.3,67.3,10,8.7,3.6,low,medium,99.3
7.8,93.6,55.5,9,4.8,3.6,low,low,88.1
6.9,68.2,55.0,9,9.0,4.3,high,high,96.4
7.6,92.5,97.6,7,8.4,5.2,low,medium,100.0
2.5,86.7,98.1,5,7.2,1.8,low,high,100.0
6.8,84.1,70.0,4,6.7,3.8,low,medium,90.5
5.2,89.4,74.2,4,7.5,1.0,low,low,83.8
4.8,84.0,55.3,12,6.2,0.9,low,medium,95.7
8.2,71.0,79.6,2,6.8,2.1,high,medium,90.1
9.7,95.4,96.4,11,5.2,3.6,medium,medium,100.0
10.5,89.9,47.1,6,4.9,5.5,high,medium,100.0
9.3,85.5,77.0,11,9.8,5.8,medium,medium,100.0
5.7,80.3,78.1,2,7.1,2.5,low,high,80.5
6.9,76.2,77.9,7,7.2,3.5,low,medium,92.8
7.9,89.8,94.6,12,7.0,4.4,medium,high,100.0
6.3,100.0,100.0,10,6.0,4.1,low,medium,100.0
6.3,89.6,66.5,7,6.6,2.7,medium,medium,84.8
8.1,76.9,80.1,3,7.1,3.1,low,low,88.5
5.9,89.8,71.3,5,6.8,2.8,medium,low,83.9
4.2,87.6,60.5,11,6.1,2.7,low,medium,100.0
5.0,94.9,74.1,7,7.6,2.5,medium,medium,100.0
7.6,92.9,80.1,8,7.2,2.8,high,high,100.0
6.0,64.1,73.3,9,7.5,2.4,low,medium,96.3
6.9,92.4,56.8,5,7.8,1.3,low,medium,79.0
7.7,80.0,63.0,9,6.8,4.3,low,medium,100.0
5.1,76.6,63.2,7,6.8,3.8,low,high,80.6
7.9,86.5,57.4,9,8.8,5.8,medium,high,100.0
6.9,91.3,74.7,7,5.9,3.6,high,medium,100.0
2.9,74.9,76.3,4,4.8,2.4,high,medium,79.7
9.6,93.6,84.7,7,7.7,2.1,medium,high,100.0
4.7,94.1,57.1,10,6.2,3.1,medium,low,95.4
1.9,88.4,61.3,9,5.7,3.8,low,medium,82.0
3.4,81.1,93.3,8,8.1,2.6,high,high,98.8
3.4,80.2,67.5,10,6.8,0.8,medium,medium,90.7
6.1,96.2,70.5,7,5.5,1.9,low,high,96.2
5.3,75.9,67.4,8,9.3,3.0,high,medium,95.7
5.2,96.5,87.0,7,5.1,4.1,medium,medium,100.0
7.5,86.7,87.6,10,6.9,0.8,low,medium,100.0
6.8,87.2,86.7,9,4.7,3.4,medium,medium,100.0
6.8,74.3,70.4,7,7.3,3.3,low,high,88.1
7.0,86.8,56.9,4,6.2,2.3,low,medium,85.1
7.5,92.9,98.9,11,8.0,2.1,low,high,100.0
0.7,77.3,82.8,6,7.0,1.9,medium,medium,75.6
5.1,92.0,63.2,8,8.6,3.2,low,high,98.2
0.5,88.7,91.4,12,6.5,4.7,low,medium,100.0
6.1,82.8,62.0,10,5.1,4.8,low,low,89.8
6.0,94.8,91.2,12,7.3,1.3,low,medium,100.0
8.6,70.4,92.2,7,6.7,2.7,medium,low,100.0
9.0,90.8,56.2,11,4.8,0.0,medium,low,100.0
6.5,100.0,78.7,8,5.7,3.2,low,high,100.0
4.7,99.5,81.7,9,6.1,3.9,low,high,96.5
7.2,91.1,100.0,12,8.9,5.4,low,low,100.0
4.7,85.6,58.9,7,7.8,0.3,medium,low,96.1
6.0,82.9,91.5,8,6.6,1.4,high,medium,98.6
8.5,85.6,70.3,6,7.6,3.2,low,high,97.2
4.6,92.4,51.4,10,4.6,0.6,low,medium,84.4
8.0,81.5,68.2,7,6.3,3.3,low,medium,100.0
7.7,94.1,70.0,11,7.5,3.9,medium,medium,100.0
3.6,100.0,54.1,4,7.2,1.1,low,high,78.7
8.4,87.5,74.7,9,6.4,3.2,medium,medium,100.0
7.7,77.2,84.4,6,7.0,1.2,medium,low,89.5
6.3,77.2,73.6,10,7.4,5.1,low,medium,89.4
4.1,94.2,61.9,8,7.0,3.3,medium,high,94.6
3.9,87.5,67.8,7,8.0,2.0,high,medium,93.6
4.7,95.0,69.9,7,7.4,1.1,low,high,90.2
7.4,83.7,73.3,6,7.6,3.6,medium,high,100.0
3.6,94.6,86.6,10,9.1,5.0,medium,low,88.8
7.1,86.7,74.1,5,8.0,1.8,low,medium,86.6
2.9,82.1,49.0,7,9.1,2.3,medium,high,75.3
5.5,84.8,61.6,9,6.2,1.9,low,low,87.7
6.3,78.4,72.5,12,5.1,5.3,low,medium,96.6
12.1,100.0,86.9,8,6.8,0.1,medium,medium,100.0
2.6,87.2,89.5,7,6.7,4.9,high,high,99.8
9.7,93.2,96.6,9,8.8,2.4,low,low,100.0
6.4,83.7,72.0,3,5.6,2.9,medium,medium,88.9
7.0,79.6,81.4,5,6.9,2.5,low,medium,93.3
6.3,86.1,48.2,7,7.5,3.4,medium,medium,85.0
7.1,96.8,76.4,6,7.1,1.9,medium,low,100.0
5.6,83.8,53.9,4,6.8,4.6,medium,low,87.8
9.6,81.0,69.1,10,7.4,4.6,high,high,100.0
4.9,89.2,100.0,9,8.3,1.5,medium,high,100.0
8.8,92.0,74.6,8,8.8,4.0,low,medium,100.0
4.4,100.0,57.0,6,7.0,2.5,high,low,89.8
5.8,90.8,76.1,8,6.0,3.1,low,medium,93.4
3.3,93.2,62.2,9,8.8,5.3,medium,medium,96.8
7.1,93.8,55.6,7,5.7,2.0,medium,medium,93.2
9.6,78.8,100.0,9,9.1,4.4,high,low,100.0
5.8,80.3,86.0,6,8.6,3.7,low,low,87.8
5.5,79.3,75.2,8,8.8,2.7,medium,low,83.5
3.2,77.3,64.1,11,7.8,3.6,medium,medium,87.1
5.4,94.4,65.3,11,4.5,3.4,medium,medium,97.8
2.0,90.3,93.1,11,5.8,1.3,high,medium,92.0
3.7,88.6,74.6,9,7.4,2.1,low,medium,88.9
6.6,67.3,23.8,8,6.2,1.4,low,medium,78.1
9.3,100.0,100.0,7,6.6,2.6,medium,medium,100.0
13.0,80.8,72.7,3,7.7,5.0,low,medium,100.0
4.5,100.0,75.2,5,6.8,3.9,high,low,84.1
9.6,76.4,86.3,8,5.5,0.9,low,low,100.0
6.6,81.5,77.0,8,8.1,2.6,medium,medium,95.8
5.6,70.4,81.2,12,7.6,3.4,medium,medium,100.0
7.1,90.9,63.6,11,6.7,4.1,high,medium,100.0
6.2,79.2,51.6,6,7.9,2.0,medium,medium,84.2
6.3,79.4,74.2,10,7.1,1.1,low,low,100.0
5.0,77.0,91.5,7,8.6,2.9,low,low,97.8
2.5,94.2,60.3,10,7.2,3.9,medium,medium,90.3
2.1,93.7,59.1,10,8.6,3.4,high,medium,90.2
7.6,100.0,88.3,11,4.8,1.7,medium,medium,100.0
5.3,82.5,63.1,7,7.6,5.6,medium,low,84.1
4.5,89.8,63.8,11,6.5,2.9,low,high,96.5
6.0,77.7,64.4,3,6.0,3.3,medium,medium,77.7
8.0,85.3,69.0,11,8.4,2.0,medium,medium,100.0
6.5,83.8,46.4,8,8.1,4.7,low,medium,80.3
4.4,91.7,61.9,8,4.6,3.9,low,medium,84.1
9.1,96.1,73.5,3,7.9,3.5,medium,high,97.5
9.9,95.9,73.3,7,7.7,1.3,medium,low,100.0
7.2,81.3,87.4,11,6.1,4.6,low,low,100.0
8.4,96.0,97.6,7,6.0,4.1,high,low,100.0
9.1,87.6,92.7,10,5.1,4.5,low,high,100.0
8.8,85.4,83.7,8,6.6,3.1,medium,high,100.0
7.5,82.3,67.8,11,6.8,2.9,medium,medium,100.0
7.5,83.5,60.7,8,8.0,2.7,high,medium,100.0
7.3,100.0,70.3,6,7.3,6.4,high,low,87.7
3.3,90.5,78.8,8,5.7,2.2,medium,high,99.0
7.8,89.4,82.3,12,7.3,1.2,medium,low,100.0
2.6,85.9,79.3,9,6.7,2.4,medium,medium,100.0
4.0,100.0,68.2,8,5.9,2.2,high,high,94.1
9.3,98.4,81.8,12,5.1,4.9,medium,medium,100.0
8.1,82.2,88.9,11,7.7,1.0,medium,high,100.0
9.7,85.8,83.2,10,7.5,2.2,low,high,100.0
5.3,86.3,69.5,9,7.7,3.3,medium,high,92.1
3.1,89.2,57.5,10,6.1,4.9,low,medium,87.7
5.4,82.4,57.1,10,7.2,4.1,medium,medium,81.8
6.3,91.5,59.8,3,5.3,5.4,low,medium,71.5
6.2,99.6,73.9,9,5.8,3.5,low,high,100.0
8.8,77.5,77.8,8,7.0,2.7,low,medium,100.0
5.1,79.0,48.8,7,7.3,4.3,medium,high,89.3
6.9,84.1,62.4,8,5.0,0.9,high,high,97.3
3.5,84.5,73.6,4,5.7,0.4,low,medium,79.6
7.1,100.0,56.5,3,6.6,4.5,low,high,95.7
6.0,96.0,76.5,11,8.2,3.3,medium,medium,100.0
4.1,95.6,65.4,9,6.0,4.4,medium,high,92.5
5.4,85.9,59.1,2,7.2,1.7,low,high,77.7
5.5,85.7,70.8,7,7.3,4.9,medium,low,92.0
5.3,76.4,75.9,10,6.7,4.0,high,medium,98.3
10.4,94.3,57.3,7,7.3,3.0,low,medium,92.3
5.8,91.9,66.4,11,5.4,3.3,medium,high,99.5
5.4,98.3,77.0,11,6.2,3.5,low,low,100.0
0.8,86.3,58.6,5,8.7,1.7,high,medium,74.8
3.8,86.9,45.1,8,8.8,2.4,high,medium,79.9
5.3,89.4,47.0,7,8.0,3.5,medium,medium,86.7
4.3,95.1,63.7,5,8.3,2.4,high,high,79.5
9.5,76.2,50.2,4,4.8,0.8,low,medium,84.6
5.6,93.9,64.8,6,5.9,3.4,medium,medium,99.6
9.2,87.8,95.0,6,6.6,4.3,medium,high,100.0
6.2,79.5,49.3,9,9.9,4.6,high,low,89.6
6.1,71.3,65.8,11,6.6,3.8,medium,medium,92.3
5.8,86.9,100.0,9,7.9,4.2,low,medium,100.0
6.0,99.6,76.1,10,7.5,4.5,low,high,100.0
10.3,100.0,64.5,7,7.4,3.1,low,high,100.0
0.2,90.8,67.6,10,7.0,0.0,high,medium,88.1
1.0,100.0,76.4,8,5.6,4.7,medium,medium,82.9
4.6,87.7,95.4,7,4.0,1.7,medium,medium,92.2
6.0,95.6,62.0,12,8.5,1.3,low,medium,100.0
7.7,84.4,58.6,2,6.3,1.3,medium,medium,68.7
7.2,83.9,49.3,3,4.8,6.7,medium,medium,83.6
5.0,82.6,71.5,9,7.5,3.7,medium,low,89.3
8.5,71.5,48.9,7,7.5,1.4,low,high,90.9
8.6,98.3,63.0,4,7.9,2.0,low,medium,97.5
6.5,82.9,56.4,5,8.3,3.0,low,low,88.4
8.4,81.6,86.1,6,5.9,3.8,high,high,100.0
6.7,78.6,62.4,10,6.0,3.4,medium,medium,99.1
4.6,86.4,76.0,11,6.6,1.6,medium,medium,100.0
7.7,100.0,45.9,12,8.0,3.5,high,low,100.0
6.3,100.0,72.0,4,4.5,2.1,medium,high,100.0
6.0,74.7,52.0,5,7.2,4.6,medium,low,77.6
9.7,85.2,63.6,4,8.1,3.1,medium,high,97.0
0.0,79.7,100.0,11,8.1,1.9,low,medium,91.4
2.5,95.9,84.0,9,7.9,4.0,low,low,93.2
3.0,90.3,68.1,8,8.3,3.6,high,low,92.0
5.1,82.9,100.0,9,4.0,2.3,medium,high,100.0
5.4,88.6,56.3,8,8.9,4.1,low,low,98.1
2.2,84.2,87.5,5,7.4,3.9,high,low,84.3
3.5,100.0,47.0,9,8.6,4.8,low,medium,90.9
3.8,92.4,66.3,8,5.6,4.1,medium,low,78.8
12.1,93.4,49.8,5,4.9,2.7,medium,medium,100.0
10.5,66.7,73.9,9,9.1,0.5,low,medium,98.7
5.0,87.5,70.8,7,5.9,3.3,low,low,99.2
5.1,100.0,65.4,9,6.6,3.5,medium,medium,94.8
3.1,98.6,86.4,8,7.6,3.1,medium,low,82.6
1.2,73.2,61.5,10,7.9,0.0,high,high,93.1
5.7,85.5,74.9,9,8.3,4.0,high,low,98.8
3.5,78.4,82.3,6,7.3,1.6,low,medium,83.3
5.8,100.0,47.8,9,5.7,4.0,low,medium,92.8
2.0,90.0,58.8,9,7.8,5.6,medium,high,90.1
4.1,81.9,70.8,9,7.9,2.6,medium,medium,95.0
6.4,88.3,79.5,11,4.8,3.7,low,low,100.0
6.9,67.1,91.3,6,8.7,3.0,low,medium,99.1
7.0,79.3,66.8,10,4.0,3.8,low,medium,97.4
2.7,88.3,65.3,4,8.2,3.2,low,high,75.8
8.1,94.8,56.9,8,6.2,2.2,medium,low,98.8
4.0,72.5,74.9,7,7.8,1.6,high,high,88.1
7.6,85.0,65.5,12,7.6,5.4,low,low,94.8
6.0,96.1,65.9,8,7.0,3.7,medium,medium,94.0
2.6,76.4,68.6,10,7.5,4.2,low,medium,83.7
5.2,89.8,78.3,4,6.9,3.6,low,low,90.9
6.9,88.5,61.5,7,7.9,4.5,low,high,85.8
7.5,100.0,58.4,6,9.6,1.7,low,medium,100.0
5.6,86.2,76.5,12,5.4,3.1,low,low,96.2
9.8,86.6,24.6,6,4.0,3.8,medium,low,63.3
8.5,94.8,60.9,8,6.5,4.9,medium,high,94.8
5.4,77.4,52.7,8,6.4,7.0,medium,high,83.9
7.9,86.2,88.0,4,6.5,3.6,medium,low,99.0
10.8,84.4,63.4,7,5.9,2.0,low,medium,98.2
10.9,86.9,61.6,9,8.0,1.2,low,medium,98.8
2.9,94.8,69.3,8,5.3,1.6,low,medium,82.6
3.7,92.4,61.1,2,7.5,1.8,low,medium,68.2
9.7,82.0,64.0,7,7.8,0.0,low,medium,99.0
3.4,89.1,71.5,11,7.4,2.0,high,medium,96.6
2.7,99.9,63.7,9,7.6,4.1,high,low,95.4
4.8,81.3,63.6,11,8.1,3.1,medium,medium,84.4
7.1,89.2,54.8,6,7.1,2.6,medium,low,82.2
5.7,86.5,52.7,11,6.6,0.6,medium,low,100.0
4.4,87.5,70.9,8,7.6,4.6,medium,high,97.8
4.3,75.0,74.6,12,7.7,3.8,medium,low,94.0
4.2,99.3,48.6,8,8.1,3.0,low,low,77.9
3.8,81.8,81.4,3,4.9,0.0,high,high,91.0
11.7,96.2,81.5,10,6.8,2.3,medium,high,100.0
6.7,83.0,84.6,7,5.7,3.7,low,high,92.2
8.2,83.0,74.5,7,7.7,3.0,medium,low,91.7
4.8,97.7,79.6,4,7.9,3.3,medium,medium,94.4
5.5,96.0,100.0,12,6.7,4.0,high,medium,100.0
4.2,89.7,65.5,7,6.1,3.2,low,high,90.0
0.0,94.1,54.3,12,7.7,4.0,medium,low,93.6
2.6,85.7,47.0,7,6.8,1.7,low,medium,67.7
1.5,87.9,96.3,6,8.7,1.2,low,medium,90.9
0.4,82.7,96.5,11,9.1,3.7,low,medium,100.0
3.0,95.2,56.1,8,8.2,4.0,low,medium,88.6
9.3,82.5,59.1,8,7.3,3.8,medium,medium,93.7
5.9,99.9,65.1,5,9.2,3.2,medium,medium,88.9
9.2,85.5,88.4,7,7.3,2.5,medium,high,100.0
7.0,88.2,50.7,9,6.4,3.3,medium,high,100.0
8.0,94.1,40.5,5,6.2,3.6,low,medium,76.1
3.7,88.2,100.0,7,6.2,3.7,medium,low,94.3
7.3,85.6,74.7,7,7.0,6.9,medium,high,100.0
7.8,87.8,76.8,8,7.6,1.6,medium,low,95.0
4.6,95.2,66.9,12,5.3,7.8,medium,low,98.0
7.4,82.7,77.0,7,6.5,1.1,low,medium,85.7
7.4,87.0,47.3,6,7.3,3.6,low,medium,86.5
4.6,88.1,57.4,12,7.8,1.2,high,low,96.0
3.2,94.9,71.6,7,7.0,3.5,low,medium,88.9
3.0,87.2,35.9,8,7.3,4.5,low,low,65.3
6.2,100.0,65.5,7,5.5,3.0,low,medium,94.8
6.8,86.7,64.5,7,5.9,4.5,medium,medium,92.2
4.0,86.1,65.5,8,6.9,2.4,medium,medium,96.2
6.1,86.6,61.7,10,7.6,0.0,medium,medium,100.0
7.4,77.5,55.1,9,7.3,3.9,high,high,87.4
7.5,79.7,42.7,11,6.0,3.0,low,medium,84.2
9.9,83.8,72.2,11,6.7,2.3,low,medium,100.0
9.2,97.1,65.5,9,8.8,2.4,high,medium,100.0
3.5,87.7,49.4,9,7.7,3.6,medium,medium,82.3
10.2,84.1,70.9,11,6.8,1.8,high,high,100.0
4.7,97.8,65.6,5,5.8,3.6,medium,low,100.0
8.6,100.0,63.1,12,6.1,4.8,low,high,100.0
6.2,98.0,37.6,7,7.0,6.1,high,medium,93.7
5.0,81.2,80.2,7,7.3,5.1,low,high,93.6
1.5,84.0,51.5,5,7.7,3.2,medium,medium,57.1
5.6,100.0,70.9,5,7.5,3.4,low,medium,93.0
2.1,89.9,57.9,10,6.6,2.4,medium,low,90.5
8.4,85.9,64.2,12,6.4,2.3,medium,medium,100.0
9.8,93.7,87.3,7,9.5,4.3,low,medium,100.0
4.0,96.1,78.0,9,6.3,2.5,high,high,100.0
6.8,83.4,87.0,9,5.4,3.5,low,high,100.0
4.2,89.8,75.0,11,5.0,1.6,medium,medium,100.0
4.4,95.4,75.9,12,6.6,5.1,low,high,100.0
7.9,78.7,43.3,12,8.1,2.5,medium,high,93.7
5.9,88.1,65.2,7,6.3,4.6,medium,high,95.9
10.3,79.1,66.6,9,8.8,1.9,medium,medium,100.0
4.8,80.1,88.4,10,7.0,1.9,medium,low,100.0
8.5,83.5,62.4,8,8.3,5.0,medium,high,100.0
6.2,91.8,74.0,5,6.1,2.1,high,medium,89.7
8.0,85.4,73.4,6,6.1,0.6,high,medium,91.2
4.9,82.8,87.4,11,7.1,1.4,low,medium,99.4
5.9,88.4,68.0,11,7.6,4.3,medium,low,100.0
5.7,78.8,82.4,7,6.8,4.1,low,low,91.2
3.9,91.4,44.4,9,7.4,1.9,low,medium,86.2
7.7,97.1,45.8,11,7.7,2.1,medium,medium,91.4
7.6,87.4,35.7,4,5.3,4.0,medium,medium,68.8
7.5,86.4,81.8,7,6.6,5.0,medium,medium,99.6
9.8,91.0,80.1,12,6.4,2.9,medium,low,100.0
9.6,71.8,83.5,9,6.4,3.8,medium,low,96.2
5.1,92.3,59.8,5,7.5,4.3,high,medium,83.3
6.9,100.0,61.5,8,6.4,6.2,low,low,100.0
4.4,87.0,68.2,11,4.6,1.3,low,high,100.0
6.1,87.0,91.7,2,6.7,2.0,low,medium,92.5
4.5,93.9,95.4,8,5.7,2.2,low,medium,100.0
10.1,100.0,81.9,7,7.6,4.2,high,medium,100.0
6.9,95.8,75.0,4,8.0,2.6,low,medium,85.8
5.5,70.8,90.0,8,4.4,3.5,low,low,84.8
9.0,92.5,66.2,8,6.1,3.2,medium,medium,95.8
0.6,100.0,64.1,8,7.4,3.0,low,low,81.7
1.0,93.0,68.1,7,5.3,3.2,medium,medium,72.8
8.0,78.8,55.3,5,7.9,4.5,high,medium,91.1
6.2,90.3,67.4,4,8.3,1.5,medium,medium,87.5
6.6,77.8,53.2,6,6.8,2.8,medium,medium,80.2
2.7,97.9,85.4,10,6.1,1.2,medium,high,100.0
5.9,80.4,78.2,9,4.2,3.3,high,medium,90.9
11.0,88.6,91.4,8,8.0,2.7,low,low,100.0
8.1,81.1,45.6,5,9.4,4.6,medium,medium,90.9
6.4,83.6,98.5,7,9.2,3.0,medium,medium,100.0
4.9,99.9,46.4,10,6.8,2.3,medium,medium,97.5
5.0,88.8,52.0,9,5.7,2.6,low,medium,79.6
0.7,83.5,60.7,7,8.0,5.6,medium,medium,83.4
6.6,78.8,89.6,1,6.8,0.6,medium,medium,90.9
8.1,73.0,73.4,6,7.6,2.1,medium,medium,85.3
2.1,78.0,66.3,7,7.4,3.1,low,high,72.3
4.3,88.9,58.1,6,7.1,2.0,low,medium,78.9
3.1,95.8,49.4,7,8.2,3.7,medium,medium,86.6
3.6,83.5,87.0,10,8.3,2.9,medium,low,97.2
6.1,100.0,82.0,8,6.4,3.4,high,low,100.0
0.8,82.3,90.3,10,5.9,3.2,medium,low,90.8
7.5,86.1,76.0,4,4.0,2.8,low,medium,77.5
7.9,79.4,30.4,7,6.6,1.1,medium,low,82.7
5.4,95.9,51.3,3,5.7,3.3,medium,medium,85.8
0.0,100.0,77.0,7,7.5,0.4,medium,medium,89.9
3.5,73.9,64.5,5,6.6,2.0,medium,low,72.6
9.1,85.2,61.6,11,6.7,3.7,low,medium,98.7
0.0,98.1,53.5,9,8.0,4.8,low,high,74.3
5.1,76.4,84.2,11,7.5,6.5,low,medium,93.2
3.0,92.5,76.8,7,6.9,2.4,low,high,100.0
8.0,97.8,77.5,5,9.0,1.7,medium,high,100.0
4.3,88.6,60.5,5,7.9,3.8,low,high,89.6
7.0,92.4,72.6,9,6.5,5.8,high,medium,100.0
7.4,100.0,49.9,12,6.6,5.3,low,high,100.0
10.6,100.0,68.1,9,7.9,1.4,medium,medium,100.0
5.5,87.5,32.1,7,7.2,2.8,medium,medium,80.3
6.9,83.7,46.5,8,5.7,4.3,low,low,75.3
2.3,80.6,65.2,8,8.1,4.4,medium,low,84.5
9.0,95.8,100.0,12,8.5,3.9,high,high,100.0
4.1,77.0,43.0,11,8.4,2.3,high,medium,83.5
4.6,86.0,51.3,9,8.9,3.9,low,low,81.4
5.9,88.8,73.3,8,9.5,4.4,medium,low,100.0
2.1,84.0,96.5,9,9.1,1.6,low,medium,83.0
6.6,90.2,73.0,9,7.4,5.0,medium,high,100.0
8.4,100.0,80.5,7,6.7,4.5,low,high,100.0
6.7,87.0,64.9,6,4.8,1.9,high,low,87.8
2.0,84.5,62.3,11,7.0,4.4,medium,low,87.0
5.7,96.1,71.2,8,7.6,4.2,low,low,97.3
7.9,89.9,60.1,10,7.1,4.3,high,medium,100.0
1.3,99.5,80.9,12,4.7,5.4,medium,medium,100.0
3.3,89.3,45.9,9,6.7,3.0,low,medium,92.9
8.2,86.0,83.3,9,7.8,3.5,medium,medium,100.0
6.7,73.7,70.6,12,5.8,0.0,medium,low,97.1
7.0,75.0,66.8,9,7.2,4.7,medium,medium,90.7
10.6,73.3,45.4,5,7.5,4.5,low,medium,83.4
7.2,91.0,55.3,7,8.3,5.0,low,medium,100.0
7.6,77.1,88.0,12,9.1,1.6,low,medium,100.0
12.8,98.0,66.9,5,6.5,4.4,high,high,100.0
5.5,88.2,74.2,6,7.2,4.5,low,low,70.3
4.0,86.0,56.8,11,7.3,2.0,medium,high,78.9
7.1,81.2,69.6,7,7.8,4.6,high,low,95.2
7.1,93.0,49.4,8,7.6,3.7,high,medium,92.5
4.7,81.6,71.5,11,8.7,0.5,medium,low,96.0
3.4,80.1,75.6,6,4.2,3.9,medium,medium,89.9
11.8,97.5,74.8,4,7.5,1.8,high,low,100.0
6.8,90.8,56.4,5,7.6,0.5,medium,low,85.6
4.2,86.1,64.9,9,6.7,3.5,medium,medium,81.7
8.3,93.1,78.1,9,4.3,2.9,low,high,98.1
5.7,88.1,66.8,6,6.9,5.1,low,medium,89.3
5.4,91.1,65.7,5,6.1,3.3,medium,high,90.9
7.4,81.5,98.6,7,9.0,4.2,low,medium,100.0
2.8,100.0,55.7,11,7.5,3.8,low,high,96.2
6.9,83.4,86.2,6,6.0,4.5,low,low,84.0
10.8,100.0,52.7,6,4.5,1.7,medium,high,84.3
7.2,86.5,79.8,5,7.7,3.3,low,medium,90.3
5.1,94.5,80.6,7,7.8,2.8,low,medium,100.0
4.7,93.9,62.3,9,6.7,4.0,medium,medium,100.0
5.0,97.2,51.7,12,7.7,3.4,low,low,84.4
5.4,81.3,40.4,9,6.6,2.1,medium,low,69.5
5.1,96.6,60.8,8,8.3,2.5,low,medium,96.5
8.3,100.0,77.9,10,8.2,5.5,medium,high,100.0
1.7,85.9,53.8,10,5.0,0.5,high,high,91.2
8.2,88.3,71.5,7,5.3,4.1,low,low,98.4
5.1,83.8,47.9,12,9.4,4.9,high,medium,100.0
6.9,85.2,66.5,8,8.1,3.9,high,medium,93.6
3.2,100.0,52.8,9,5.5,6.0,high,medium,89.4
9.3,80.0,68.8,9,5.1,4.4,high,medium,100.0
9.1,80.5,62.5,9,7.2,3.6,medium,medium,100.0
8.4,100.0,52.1,12,5.6,2.3,low,medium,100.0
2.2,93.0,60.1,7,6.6,3.6,low,low,74.5
8.1,100.0,56.0,10,6.9,4.0,low,low,89.8
7.0,84.4,50.3,8,6.9,3.0,medium,low,81.1
2.0,89.0,86.2,10,8.4,1.9,high,medium,95.1
5.9,82.7,64.6,7,9.2,1.2,low,medium,81.8
6.9,89.1,37.0,7,6.4,3.3,medium,medium,73.2
7.4,73.8,60.7,10,5.6,0.8,high,high,82.5
6.4,93.5,83.7,9,7.5,2.3,low,medium,100.0
6.7,90.6,58.6,6,9.0,0.0,low,low,92.3
9.7,87.5,92.5,11,6.5,4.2,low,low,100.0
9.1,84.9,57.2,10,8.0,4.7,low,high,100.0
0.0,80.8,77.6,8,6.0,3.1,medium,medium,84.5
5.2,93.8,85.5,7,7.0,5.7,medium,high,100.0
5.6,78.6,76.8,9,5.6,5.0,medium,high,100.0
1.6,92.1,49.4,10,7.0,3.7,low,high,82.6
6.2,100.0,55.9,4,6.9,2.8,medium,high,86.1
9.1,99.9,87.6,9,7.7,2.5,low,medium,100.0
3.3,76.0,57.9,10,9.1,3.8,medium,medium,89.1
6.8,83.7,84.6,2,6.5,2.8,low,high,89.9
3.7,91.4,63.5,8,4.6,3.8,medium,medium,85.8
4.3,87.4,72.1,10,6.8,3.9,medium,high,96.6
9.7,76.8,49.2,9,7.4,2.7,low,high,91.6
4.6,91.1,60.9,10,7.2,4.6,medium,medium,79.5
7.2,87.9,56.9,7,6.8,2.7,medium,medium,87.2
1.3,100.0,73.4,5,8.8,3.0,high,medium,96.0
10.7,86.0,71.4,4,7.2,1.5,high,medium,100.0
7.5,97.3,76.9,11,6.9,2.6,low,low,100.0
5.5,77.9,62.6,10,6.1,6.2,medium,medium,87.9
7.4,79.8,56.0,11,4.9,1.6,low,high,91.0
2.5,93.8,72.7,6,7.4,3.7,medium,high,97.9
9.0,96.7,54.6,10,7.3,2.3,low,low,94.0
5.2,80.3,86.2,4,5.7,0.0,medium,high,91.0
5.5,88.2,68.3,6,6.9,3.8,high,low,99.2
4.8,76.9,65.1,8,6.8,2.2,low,medium,87.3
4.5,86.6,76.9,10,6.3,3.5,high,high,98.9
7.7,94.7,68.9,12,6.0,4.5,low,high,100.0
6.6,84.5,45.1,7,7.5,3.4,high,medium,87.7
7.6,86.0,54.1,6,6.7,3.5,medium,medium,89.1
6.0,79.0,85.9,6,6.3,1.7,low,medium,100.0
7.3,82.8,71.3,6,6.0,4.1,low,medium,76.8
5.0,100.0,44.8,12,6.8,2.7,medium,low,94.3
11.6,88.6,75.3,10,8.1,0.0,medium,low,100.0
2.1,80.0,61.6,11,7.2,4.2,low,high,85.4
9.2,85.5,56.9,7,6.7,4.7,high,low,96.5
9.4,75.2,52.8,8,7.4,5.2,medium,medium,89.6
3.9,79.9,85.0,10,8.6,6.3,high,medium,100.0
11.6,98.9,40.5,7,7.6,4.2,low,low,98.2
8.5,86.9,57.4,7,7.3,3.8,medium,low,94.3
8.4,100.0,71.8,6,7.8,4.6,low,low,100.0
6.1,87.2,93.7,7,6.8,1.7,low,low,98.7
5.5,87.7,78.3,8,7.2,0.5,low,medium,96.2
5.5,93.1,57.3,6,6.4,2.3,low,medium,85.3
7.0,66.6,92.9,9,5.1,4.9,medium,medium,94.5
9.5,89.6,49.7,9,7.4,2.0,low,high,100.0
6.5,87.6,74.0,8,7.4,3.7,low,high,98.0
3.7,99.9,77.3,6,6.7,3.9,medium,medium,89.3
8.1,95.7,56.8,8,8.2,3.4,medium,medium,100.0
8.3,78.9,80.5,7,6.1,1.1,medium,medium,98.5
7.6,97.9,62.3,8,4.9,3.5,medium,low,100.0
7.9,85.9,80.4,11,6.2,2.4,low,medium,100.0
5.3,80.8,42.4,5,5.2,5.6,medium,medium,72.9
3.7,89.6,75.0,12,7.4,4.7,medium,medium,100.0
3.8,86.4,63.8,8,6.1,2.4,low,medium,86.2
1.9,100.0,87.2,9,8.2,5.6,low,high,93.0
6.6,90.7,69.3,6,8.2,3.5,high,low,100.0
5.8,89.6,88.7,11,5.9,0.5,low,medium,95.1
4.9,95.2,77.6,8,6.0,2.9,low,low,72.2
0.0,96.7,68.1,7,7.6,5.5,low,high,86.1
2.9,94.3,81.8,7,8.2,1.8,high,medium,97.2
8.8,99.4,81.9,7,4.6,2.9,medium,medium,100.0
4.3,92.9,77.1,9,7.3,1.0,high,medium,100.0
6.9,89.3,35.6,8,4.4,1.2,high,low,82.4
2.5,97.9,55.3,8,6.3,1.7,medium,high,82.7
9.6,87.3,90.8,6,8.3,1.2,low,high,100.0
5.6,88.3,51.2,6,10.0,2.1,low,medium,80.9
6.7,100.0,83.2,7,6.7,5.6,high,medium,100.0
11.8,100.0,80.6,9,5.5,2.9,high,medium,100.0
9.8,87.9,59.1,10,6.4,4.2,high,medium,100.0
5.2,84.4,40.1,10,7.1,4.6,high,high,86.5
4.5,99.7,61.5,8,6.2,1.3,medium,low,86.0
5.2,94.4,100.0,9,5.9,1.8,medium,high,100.0
7.3,90.5,57.1,8,6.5,4.1,medium,high,90.1
5.7,85.4,58.1,4,7.5,2.0,medium,medium,91.9
5.0,90.7,55.0,7,6.8,4.0,low,medium,83.9
9.7,87.8,88.2,7,5.9,5.5,low,medium,100.0
5.7,82.7,66.4,5,6.2,0.8,low,low,73.7
11.7,89.0,60.6,7,6.5,2.5,low,medium,100.0
6.2,90.1,91.2,8,5.8,2.7,low,low,96.4
10.5,85.0,78.7,5,6.2,2.2,medium,low,93.6
6.9,95.2,56.2,6,7.8,2.1,medium,medium,91.1
8.4,98.3,51.6,12,6.7,2.3,medium,high,100.0
4.2,95.8,87.4,4,4.9,3.0,medium,low,90.2
3.9,85.8,70.3,8,8.2,3.2,medium,low,78.7
7.1,94.0,46.8,5,7.5,4.4,medium,low,90.3
8.5,88.6,43.3,6,5.3,3.0,medium,low,89.3
6.1,78.1,53.3,8,6.6,4.7,low,high,84.9
2.8,93.4,51.4,6,6.0,2.1,medium,medium,65.7
2.6,89.2,39.3,9,7.8,1.2,medium,medium,73.8
2.4,100.0,53.5,11,6.6,2.5,low,medium,89.2
1.6,99.7,56.2,10,6.9,3.7,high,high,83.2
6.3,93.7,63.1,11,6.8,4.3,low,medium,92.6
8.8,90.0,95.4,5,5.2,5.2,medium,high,100.0
6.0,89.3,66.0,7,8.7,3.4,high,medium,97.5
0.3,80.0,67.5,9,7.8,4.1,medium,high,83.7
5.5,74.1,77.6,10,6.1,5.1,medium,medium,99.7
5.6,81.0,66.4,12,7.2,1.8,medium,high,100.0
11.2,87.6,76.0,11,8.2,2.7,low,medium,100.0
2.4,71.2,74.2,10,7.1,7.2,medium,medium,90.2
5.0,83.6,71.8,12,8.9,4.3,medium,medium,100.0
10.3,86.0,100.0,8,10.0,3.8,low,medium,100.0
7.1,86.3,83.7,7,6.8,4.3,low,medium,100.0
7.4,82.7,53.8,8,6.3,1.0,high,low,91.2
6.3,85.3,75.6,6,5.8,2.0,low,high,84.7
6.8,100.0,58.1,8,4.3,1.5,high,medium,100.0
7.9,93.3,76.7,4,8.5,3.6,low,low,92.9
4.0,83.5,49.4,7,6.6,2.4,low,medium,72.1
8.2,87.5,53.4,8,8.1,3.1,medium,medium,98.8
2.6,87.8,75.2,10,8.3,2.5,medium,low,95.1
6.8,81.9,85.0,11,5.7,0.6,medium,medium,98.2
6.4,81.8,77.5,6,5.9,4.3,low,medium,94.8
4.5,96.1,82.8,12,9.1,0.4,medium,high,100.0
5.9,84.6,75.6,8,6.9,1.9,medium,medium,99.1
4.4,79.2,72.6,9,6.2,1.0,low,medium,87.8
3.3,87.7,62.4,4,5.7,1.7,medium,medium,66.2
5.1,88.9,82.2,6,6.8,3.3,low,low,100.0
3.2,72.2,85.4,11,8.8,4.9,low,high,94.9
6.8,87.7,69.1,8,7.8,0.7,low,high,91.2
3.1,94.9,68.2,8,7.2,2.2,low,high,92.0
7.8,91.6,93.9,9,8.9,0.4,medium,medium,100.0
3.0,100.0,69.7,4,8.7,2.1,high,low,93.4
4.6,98.0,71.1,8,7.4,3.1,low,medium,90.2
4.4,99.6,77.3,12,10.0,4.2,low,low,100.0
9.3,100.0,68.5,11,6.7,0.0,high,medium,100.0
6.8,94.1,57.7,8,8.3,3.8,low,medium,99.9
5.5,89.3,75.7,12,6.5,1.5,low,medium,100.0
7.2,95.8,69.4,5,8.1,1.2,medium,medium,97.0
0.7,83.5,97.6,6,6.7,3.1,low,medium,91.3
5.9,88.9,81.8,12,7.6,3.9,medium,low,98.5
11.0,82.8,61.1,9,9.9,2.8,high,medium,100.0
6.3,91.2,80.9,7,8.1,1.4,medium,medium,100.0
6.2,82.8,74.6,8,7.6,2.8,medium,medium,96.1
7.4,82.5,89.6,6,6.1,1.9,low,medium,97.6
8.2,91.3,62.1,9,7.2,3.9,low,medium,100.0
1.0,86.9,72.8,8,5.8,4.6,high,high,84.1
1.8,72.6,68.5,8,8.1,4.5,high,high,100.0
6.5,76.4,70.9,5,8.0,3.0,high,low,97.0
4.2,78.8,56.7,9,6.8,4.7,low,medium,89.5
9.3,80.9,78.6,7,9.0,1.5,high,high,100.0
5.2,91.3,76.3,6,8.8,5.7,low,high,89.1
1.2,89.8,89.3,11,7.2,1.5,medium,low,94.8
2.8,96.5,69.8,12,7.7,0.0,medium,high,100.0
0.0,94.0,63.8,12,6.3,5.0,medium,high,80.3
5.4,96.6,81.8,10,6.7,1.9,medium,high,100.0
5.5,92.9,58.1,7,5.7,3.2,medium,low,92.8
4.9,89.7,86.3,8,6.4,1.5,high,medium,87.4
8.7,96.8,86.2,9,6.9,6.5,low,medium,100.0
9.0,95.4,88.9,7,5.0,5.7,low,medium,100.0
5.6,91.0,75.6,11,7.7,5.3,medium,low,100.0
0.7,98.2,62.7,3,8.2,3.1,low,low,65.0
7.5,69.2,71.6,7,7.0,4.5,low,high,98.2
7.4,85.7,75.7,10,4.0,2.9,low,medium,96.9
6.8,85.6,61.6,6,6.7,4.7,low,medium,86.3
8.5,97.2,90.0,7,5.3,2.4,medium,medium,100.0
3.1,100.0,78.7,9,6.3,5.4,high,high,100.0
11.0,76.4,56.6,12,8.7,2.3,high,high,100.0
3.6,99.3,98.2,5,4.1,2.5,medium,medium,91.8
7.9,78.6,71.5,5,6.0,2.3,low,medium,92.9
1.8,78.9,53.6,6,8.0,3.3,medium,low,69.5
3.7,86.1,57.5,4,6.2,2.4,medium,medium,82.0
9.8,85.5,92.3,4,6.1,3.7,medium,high,100.0
5.3,75.5,97.4,6,9.4,2.3,medium,high,100.0
8.1,93.2,85.1,11,7.5,4.2,medium,low,100.0
6.6,93.4,89.8,7,8.1,5.3,low,medium,100.0
5.7,96.4,88.2,8,7.6,3.1,high,medium,100.0
9.4,84.5,78.4,6,7.2,6.3,medium,medium,98.9
5.4,87.7,74.9,10,8.5,4.7,low,medium,96.3
1.5,87.8,78.1,12,9.3,6.2,high,medium,100.0
4.0,100.0,81.0,6,5.0,2.9,low,high,85.7
7.4,65.3,58.9,12,7.0,0.5,low,low,88.9
7.0,80.3,81.0,9,6.9,1.9,medium,medium,96.1
2.1,88.0,91.9,8,6.5,2.1,medium,medium,97.4
4.2,79.3,66.9,9,8.2,1.6,low,high,94.7
4.5,85.9,65.3,9,7.3,0.0,low,high,100.0
5.1,87.0,77.1,12,9.3,4.5,low,high,100.0
2.6,82.7,60.3,9,8.3,0.2,low,medium,79.4
4.4,88.5,50.2,9,8.6,4.4,medium,low,77.3
4.2,93.0,87.2,7,5.6,6.3,low,medium,96.3
7.9,86.1,63.2,10,6.0,1.8,medium,high,100.0
8.0,84.4,70.3,6,6.1,3.6,medium,medium,93.4
5.6,86.7,60.8,8,8.6,2.4,medium,low,90.7
5.0,87.9,89.2,12,5.8,4.2,high,low,100.0
6.3,74.1,82.8,2,5.9,1.2,low,medium,84.1
4.0,91.7,66.4,9,5.7,2.8,low,medium,94.8
3.1,84.4,52.3,9,10.0,4.7,low,low,92.9
3.6,98.1,64.8,7,6.8,2.9,low,low,89.1
4.4,92.7,78.6,7,7.6,0.6,medium,medium,99.3
3.1,97.4,72.8,8,5.6,4.9,low,medium,88.7
6.4,79.9,71.6,7,8.2,1.1,medium,low,91.9
7.8,85.0,73.2,9,4.9,3.1,high,medium,100.0
2.0,78.1,81.4,7,5.8,3.9,low,low,78.2
6.1,82.4,69.4,12,6.1,3.2,low,low,98.5
5.5,98.0,76.8,7,7.3,6.8,medium,medium,100.0
6.9,99.9,55.2,9,6.0,4.1,medium,medium,97.5
6.0,78.8,100.0,6,8.8,2.7,low,low,98.4
2.4,84.3,65.7,10,7.6,3.9,medium,low,87.5
2.8,87.4,73.1,10,6.2,3.3,low,low,82.6
6.1,92.7,78.5,9,8.2,3.1,medium,medium,100.0
8.6,73.9,63.8,5,6.5,3.4,medium,high,89.1
0.5,75.2,70.1,6,6.3,2.3,low,low,63.4
6.9,91.9,69.9,12,8.1,3.3,low,medium,100.0
9.0,72.4,56.3,6,4.1,2.2,medium,low,87.0
5.6,84.4,76.6,10,7.9,0.2,medium,high,96.9
7.4,89.3,45.3,6,6.1,4.7,high,medium,89.5
4.2,91.3,96.3,11,6.1,2.2,medium,low,100.0
5.7,86.9,81.9,6,9.3,3.2,medium,medium,100.0
1.9,85.1,79.6,6,6.4,1.9,medium,low,79.4
0.1,94.8,44.0,6,8.1,1.9,medium,low,67.6
8.4,90.3,58.1,7,7.3,1.4,low,medium,90.1
3.5,82.8,90.8,9,7.5,4.4,low,medium,100.0
4.9,88.3,100.0,8,6.7,4.8,medium,low,100.0
2.5,91.1,87.9,5,6.6,3.0,low,medium,93.9
2.5,100.0,85.6,8,8.8,2.2,low,high,96.5
5.6,94.3,77.9,5,8.1,0.5,low,medium,96.6
4.2,97.7,57.3,10,6.4,4.2,high,low,89.9
6.9,83.1,84.9,10,5.7,2.0,medium,medium,94.1
7.1,83.8,53.5,8,6.3,1.3,high,low,93.3
6.8,86.1,51.8,9,8.2,3.0,high,high,85.6
6.6,86.9,50.9,12,8.4,2.5,medium,low,95.4
9.9,79.9,84.6,8,7.7,0.7,medium,low,100.0
3.3,98.1,69.1,6,5.1,0.9,medium,high,86.7
5.9,95.1,71.5,9,7.9,3.5,medium,high,100.0
8.8,85.6,69.8,5,8.6,2.0,high,medium,99.8
9.2,93.1,53.1,7,7.2,3.8,high,low,99.4
2.4,89.8,59.9,7,9.4,3.2,medium,medium,81.8
5.2,93.8,60.7,6,5.4,4.6,medium,high,100.0
9.4,77.2,48.9,7,7.8,1.8,medium,medium,89.7
7.3,86.8,62.4,10,5.8,3.3,low,high,92.1
6.5,87.5,53.8,11,8.3,4.0,low,medium,87.3
5.5,93.0,78.7,10,7.7,2.1,low,high,100.0
5.0,83.0,79.9,9,9.2,4.7,low,low,86.8
6.7,68.0,50.6,7,7.6,0.5,medium,high,77.5
5.4,79.3,65.6,2,6.5,1.8,low,high,70.1
5.9,87.5,97.8,9,6.4,0.4,high,high,100.0
6.2,88.5,55.3,2,6.7,1.9,low,high,87.4
4.3,100.0,76.4,3,6.4,2.8,low,high,82.4
7.3,92.7,71.6,8,8.6,4.2,medium,medium,100.0
13.3,88.7,86.4,9,8.5,2.8,low,medium,100.0
1.6,87.7,74.4,7,5.2,2.1,low,high,78.5
6.8,96.8,63.5,12,7.0,0.7,low,medium,100.0
4.1,83.3,71.0,9,7.1,1.2,medium,medium,90.1
7.4,86.9,71.2,7,6.1,3.5,low,medium,100.0
6.1,79.3,68.6,11,7.5,4.3,medium,high,88.6
7.9,99.4,50.2,12,8.8,2.4,low,low,97.8
8.9,91.1,88.6,9,8.1,4.8,low,medium,100.0
6.5,82.3,86.0,6,8.6,1.6,low,medium,100.0
8.8,87.1,54.3,7,6.1,2.4,low,high,96.4
0.1,92.1,65.5,4,7.0,2.5,medium,low,72.2
10.0,86.0,66.6,8,6.1,5.3,medium,medium,95.4
6.9,83.7,52.7,5,7.3,3.2,medium,low,77.9
8.7,82.8,42.0,7,7.4,0.3,high,medium,100.0
3.0,90.7,59.9,9,8.2,4.4,low,high,80.5
3.9,85.1,64.7,3,8.6,5.8,high,medium,72.4
6.4,84.4,48.4,5,7.8,2.6,medium,medium,85.2
6.0,77.3,72.7,7,6.0,1.7,medium,medium,83.2
6.7,88.6,87.4,8,5.4,4.3,high,medium,100.0
8.7,86.6,82.6,7,7.6,5.9,low,high,100.0
1.6,85.4,68.1,7,8.8,4.3,medium,medium,81.8
8.4,89.6,42.4,6,7.0,0.6,medium,low,87.2
6.0,94.0,80.7,4,5.2,4.1,medium,medium,81.5
5.5,93.6,72.2,7,9.5,3.6,low,medium,100.0
2.3,92.4,76.4,7,7.6,1.6,low,medium,75.2
7.3,86.1,99.0,7,7.2,4.9,high,medium,100.0
0.0,83.5,57.6,8,5.6,3.7,medium,high,76.0
7.6,79.6,26.9,9,7.0,5.0,low,high,86.1
2.3,83.3,54.2,10,7.8,1.4,low,low,70.7
6.1,88.2,77.3,6,7.6,3.6,medium,medium,92.9
5.7,81.7,70.4,4,6.2,1.7,low,medium,73.3
8.9,88.8,51.8,11,6.9,3.4,low,high,100.0
5.6,80.3,48.7,9,6.3,5.2,high,medium,81.8
4.3,74.7,64.7,6,9.0,0.9,low,low,75.4
4.7,94.6,51.3,9,8.1,0.9,low,medium,92.1
9.2,84.2,77.8,11,6.4,4.4,medium,medium,100.0
7.3,81.3,63.8,12,5.6,3.0,low,medium,100.0
5.0,79.2,60.6,9,7.3,4.8,low,high,88.4
5.4,91.4,58.6,11,6.4,1.8,medium,medium,99.4
2.1,99.0,73.9,5,6.5,3.1,medium,low,81.7
7.0,84.8,70.6,8,5.6,4.0,medium,low,90.6
1.6,86.3,73.0,7,5.8,3.3,medium,low,83.6
7.9,96.6,72.7,9,7.2,0.3,high,low,100.0
6.3,73.5,68.9,12,6.7,7.2,medium,medium,97.1
12.0,100.0,54.5,9,10.0,3.3,medium,low,100.0
3.2,100.0,59.0,6,7.7,1.0,high,medium,91.6
5.7,66.3,64.1,5,5.6,3.5,low,medium,75.4
10.5,87.2,100.0,12,5.2,3.6,medium,medium,100.0
9.0,82.2,49.8,9,7.5,4.5,low,high,89.4
4.3,85.9,63.7,9,6.5,4.4,low,high,88.9
6.6,84.7,71.5,7,8.6,2.7,high,medium,93.8
6.0,94.5,65.5,9,7.3,0.4,low,medium,96.2
6.7,87.1,86.1,6,4.6,3.7,low,medium,99.4
4.3,80.7,65.4,9,5.8,0.5,low,medium,90.0
5.8,86.6,66.5,5,6.2,4.8,medium,high,90.9
2.0,92.1,82.2,7,7.5,1.9,high,medium,93.1
6.3,78.5,97.2,6,5.7,4.0,low,low,95.8
7.1,74.8,91.1,0,7.2,2.0,high,medium,96.1
5.4,100.0,68.0,7,5.4,2.3,medium,high,86.1
2.0,82.9,69.3,6,7.0,1.8,high,medium,77.0
8.5,86.9,70.7,7,7.4,4.1,high,medium,100.0
6.9,84.8,72.2,8,8.8,2.1,low,medium,100.0
4.2,92.4,57.3,12,7.3,4.2,high,medium,95.3
5.3,100.0,84.0,9,6.0,2.1,low,medium,100.0
2.2,92.6,73.1,9,8.8,2.7,medium,medium,84.4
3.4,75.9,69.3,9,6.8,3.1,low,low,81.1
4.7,76.9,50.9,10,7.9,3.2,low,medium,89.6
9.1,84.8,70.9,9,6.3,1.6,high,low,100.0
4.4,85.9,41.6,9,7.1,4.1,medium,high,81.2
7.6,74.2,61.3,10,6.0,2.6,medium,medium,89.6
4.7,94.6,61.6,2,7.4,3.8,high,low,79.3
6.6,79.3,74.3,12,8.0,3.0,low,high,96.3
5.6,99.9,98.2,12,6.4,3.9,low,medium,100.0
8.2,100.0,78.6,9,6.3,2.4,high,medium,100.0
4.7,86.0,91.7,4,7.4,1.8,low,medium,94.4
2.1,91.5,79.7,11,6.0,3.6,high,medium,99.4
2.5,78.1,86.9,6,5.2,2.3,low,medium,88.0
4.7,93.0,97.9,9,7.4,5.2,low,medium,100.0
2.9,84.0,59.0,5,6.9,3.1,low,medium,74.5
7.0,79.3,58.0,12,6.8,0.9,low,low,98.0
4.8,85.7,80.0,4,7.6,2.1,low,high,95.2
11.9,84.3,69.9,8,7.8,1.5,low,high,100.0
1.7,85.4,73.3,3,6.8,4.6,low,medium,66.7
6.5,95.6,66.3,8,5.7,4.2,medium,medium,84.9
3.2,81.7,61.1,7,6.2,2.9,medium,low,68.7
4.8,100.0,94.3,11,7.7,3.4,low,high,100.0
6.4,77.4,53.5,7,7.2,2.9,low,low,74.3
0.2,100.0,80.3,11,6.3,4.3,low,high,86.7
6.6,79.9,77.9,5,6.1,3.8,low,high,90.0
10.8,88.0,46.3,7,7.7,4.0,medium,medium,100.0
4.9,84.1,57.5,7,6.7,2.7,low,high,89.6
6.6,85.3,60.1,9,7.9,2.1,high,medium,93.9
8.6,94.4,78.5,9,8.1,4.0,low,medium,100.0
5.6,100.0,64.5,10,6.6,5.3,medium,high,100.0
4.5,97.5,68.7,9,8.1,4.7,medium,medium,100.0
0.3,84.8,48.1,10,7.2,5.4,low,low,73.0
7.6,89.5,100.0,6,7.3,3.2,low,medium,100.0
5.7,81.7,71.1,9,4.4,1.5,low,medium,89.8
3.5,80.1,77.5,12,5.8,1.7,medium,medium,100.0
6.3,78.8,61.9,4,5.9,5.1,high,medium,81.6
4.5,84.5,60.2,9,6.6,0.2,low,medium,88.7
4.7,90.0,98.7,10,7.1,5.3,high,medium,99.8
7.5,72.7,41.2,12,7.2,1.8,medium,medium,86.8
2.7,87.6,74.2,10,7.3,5.9,medium,low,87.3
8.6,100.0,51.8,8,6.2,2.9,low,medium,99.9
2.5,97.0,63.9,9,7.8,4.1,high,high,89.3
4.3,83.3,60.4,6,9.2,6.6,low,low,81.8
10.8,76.8,55.2,7,6.6,2.5,low,low,89.1
8.8,91.7,70.5,5,6.2,2.5,medium,high,91.7
6.2,69.5,31.5,12,6.2,2.0,high,medium,76.8
3.6,96.9,65.3,9,7.1,1.5,low,medium,90.6
4.7,86.3,68.6,6,6.4,2.5,low,medium,85.4
6.2,100.0,49.6,9,4.9,2.2,high,medium,91.4
6.1,74.2,92.7,11,5.3,1.1,high,low,99.6
5.8,95.3,61.1,10,8.2,2.7,medium,high,100.0
5.9,87.2,66.4,6,8.5,3.7,medium,low,86.5
5.5,85.4,61.1,0,8.9,1.7,medium,high,71.7
2.4,77.0,68.8,9,7.3,2.8,high,high,89.4
4.7,92.8,89.6,6,5.8,5.1,low,low,100.0
8.3,93.4,100.0,10,6.5,0.9,medium,high,100.0
2.6,100.0,81.2,10,5.2,5.9,medium,medium,89.1
5.5,96.1,86.3,11,5.2,2.0,high,high,100.0
4.0,83.2,95.7,12,7.3,3.3,medium,medium,100.0
6.3,80.0,73.7,11,7.6,4.9,low,medium,100.0
5.0,77.1,93.6,12,9.4,5.4,medium,medium,100.0
9.7,99.8,81.9,11,6.9,3.7,high,medium,100.0
7.3,81.8,72.2,12,5.4,2.0,high,medium,99.9
2.7,99.8,75.3,8,6.9,1.8,low,medium,98.4
7.7,92.2,42.7,5,6.7,2.1,low,high,93.8
4.1,90.6,74.4,12,6.4,5.8,medium,medium,95.0
4.6,85.5,46.8,8,7.4,2.4,medium,high,69.4
6.8,93.3,45.6,11,5.5,3.5,low,medium,92.8
4.8,87.9,72.9,7,7.2,1.4,low,low,82.4
8.2,85.0,53.3,10,7.8,1.3,low,low,91.8
4.1,93.6,69.9,2,8.7,3.0,low,high,81.2
4.5,86.8,72.1,7,7.4,2.5,low,high,93.8
4.4,81.6,72.7,8,8.3,2.6,high,medium,88.6
4.6,92.8,56.4,9,6.5,0.8,medium,high,92.5
8.7,87.5,83.5,11,6.6,2.9,low,low,100.0
7.6,91.9,68.7,5,8.6,5.3,medium,low,80.3
10.3,84.4,76.6,10,5.4,1.7,medium,low,100.0
11.7,78.3,52.1,11,6.5,4.3,medium,medium,100.0
3.4,100.0,67.3,12,8.4,0.0,high,medium,95.3
6.2,100.0,86.5,10,6.7,1.8,low,low,100.0
3.1,95.1,84.6,7,6.7,0.1,high,low,94.6
4.1,84.9,58.0,5,6.7,4.9,low,medium,77.4
4.4,85.6,61.8,12,7.1,4.3,medium,low,97.5
3.4,99.1,55.2,10,8.3,1.4,high,medium,95.8
3.4,85.2,60.2,8,8.1,3.4,medium,medium,78.0
5.6,82.9,49.0,4,7.0,4.8,low,low,55.8
3.0,100.0,67.9,6,8.3,5.0,low,low,84.9
8.1,87.6,79.5,10,7.4,2.4,low,medium,100.0
3.7,100.0,58.2,9,8.0,0.0,low,high,91.1
13.0,76.8,68.6,3,5.8,1.7,low,medium,100.0
4.9,92.1,66.7,10,9.1,4.1,low,medium,90.7
6.2,100.0,85.8,4,7.3,6.1,medium,high,98.1
2.8,88.2,60.8,11,4.0,2.9,low,high,83.0
10.3,85.9,61.4,9,9.0,2.1,medium,medium,100.0
8.8,78.7,57.3,7,7.0,6.6,medium,high,88.7
6.7,96.7,52.9,10,6.5,3.6,low,medium,100.0
2.6,81.8,77.9,9,6.3,1.2,medium,medium,86.3
6.5,87.2,68.0,11,7.5,2.8,medium,medium,100.0
3.2,78.1,70.8,8,5.9,4.5,medium,medium,82.2
9.7,100.0,89.1,8,6.3,2.9,medium,high,100.0
8.0,97.2,90.0,7,6.3,4.2,medium,low,100.0
6.2,87.7,45.3,9,6.6,0.6,medium,medium,85.1
0.0,78.8,79.7,12,6.4,0.8,medium,low,88.5
3.5,100.0,73.4,7,8.0,1.9,high,medium,100.0
7.7,85.1,63.1,10,7.3,2.6,high,medium,100.0
9.0,79.2,74.9,6,7.5,3.5,low,medium,91.8
8.8,73.9,44.1,3,7.7,4.0,medium,high,80.6
2.0,82.8,91.9,9,6.9,6.7,high,low,89.1
6.8,76.4,77.7,9,5.8,1.9,medium,low,96.4
8.5,83.0,57.0,8,9.2,2.5,medium,medium,92.0
1.9,94.0,61.2,4,8.1,1.9,low,medium,78.2
6.0,85.0,44.5,9,8.9,4.6,low,low,74.0
6.7,90.8,65.3,9,8.2,4.7,medium,medium,91.9
5.2,82.2,62.8,6,6.4,2.3,high,low,79.1
1.4,88.5,50.1,5,4.2,6.1,low,medium,64.5
5.2,100.0,81.7,7,5.5,1.9,high,high,93.8
5.2,85.2,89.2,10,7.8,4.5,medium,medium,98.9
5.6,91.1,69.6,9,6.9,5.2,medium,medium,100.0
4.6,75.5,65.4,6,6.5,1.0,high,medium,88.8
4.9,100.0,76.5,8,4.0,3.9,low,high,82.3
5.9,84.2,69.7,10,7.0,0.0,low,high,95.8
7.1,96.4,53.8,5,5.7,4.2,low,medium,93.7
5.2,87.0,60.2,8,6.1,1.3,low,medium,90.0
5.0,92.9,65.6,11,8.0,3.9,low,medium,100.0
6.2,93.4,73.7,5,5.8,4.1,medium,low,92.9
1.2,84.4,70.1,11,5.9,4.7,high,medium,83.3
7.2,96.7,73.2,12,7.2,4.3,low,medium,100.0
6.0,81.9,47.1,7,8.0,3.1,medium,medium,87.2
6.1,94.2,80.0,7,6.5,2.4,medium,medium,100.0
8.4,84.9,70.1,11,8.8,2.9,medium,medium,100.0
1.1,90.8,100.0,8,5.5,1.3,high,high,97.3
1.1,84.3,64.2,2,5.3,2.7,low,high,60.3
6.7,88.4,74.9,8,5.2,2.6,low,medium,99.5
6.0,79.4,100.0,9,5.0,1.8,high,medium,98.5
6.4,90.0,72.9,10,7.4,0.4,low,medium,96.4
4.8,88.4,69.0,6,5.8,1.1,medium,medium,90.7
7.7,83.7,55.2,7,5.3,0.0,low,medium,90.0
8.3,87.6,92.9,10,7.5,2.5,medium,low,100.0
7.2,89.1,52.6,8,8.0,3.5,medium,high,84.2
5.3,83.1,76.4,4,8.3,0.0,medium,medium,88.2
0.7,87.0,62.9,11,8.1,3.4,low,low,79.5
7.9,80.0,67.2,7,5.9,2.8,high,medium,99.4
9.1,100.0,48.6,11,7.3,1.2,high,high,100.0
7.6,96.5,90.1,5,7.6,2.4,medium,medium,93.1
3.8,90.2,65.8,8,6.4,4.6,high,medium,81.4
7.7,97.4,51.8,9,7.2,1.5,high,medium,97.3
8.2,72.2,88.8,8,5.5,3.1,medium,medium,100.0
9.9,67.5,62.4,5,6.2,3.5,medium,medium,82.3
3.8,84.8,75.0,2,7.4,1.8,high,high,78.9
5.4,77.0,82.6,12,8.8,4.5,high,medium,100.0
7.9,86.1,77.1,9,8.4,3.6,medium,medium,100.0
6.1,89.6,37.1,11,7.8,2.6,low,low,88.4
3.2,95.4,80.4,10,7.1,6.5,low,medium,96.8
7.0,78.9,68.5,9,6.9,4.5,medium,high,95.8
7.4,91.2,65.1,7,5.3,0.5,high,low,97.9
6.2,88.1,68.4,9,6.0,2.4,low,high,95.9
6.5,90.8,45.8,12,6.0,6.7,high,low,99.7
5.4,83.8,72.9,8,7.7,1.5,low,high,100.0
9.7,99.1,49.5,12,8.1,3.1,medium,medium,100.0
3.7,87.2,65.7,4,7.9,4.8,high,high,82.2
4.5,100.0,72.3,4,8.4,4.0,high,medium,89.1
6.0,81.7,86.1,10,7.1,4.2,medium,medium,95.2
8.2,93.9,57.7,6,5.8,4.1,high,low,92.2
2.3,87.5,91.8,12,6.9,3.0,high,medium,100.0
2.7,85.4,84.2,11,6.1,1.8,high,high,93.7
0.9,93.1,63.6,12,7.8,3.7,high,low,100.0
6.1,85.6,53.4,10,6.6,2.4,low,high,96.6
3.2,66.7,48.3,6,6.9,2.3,low,medium,62.6
5.0,63.5,74.1,4,7.8,5.2,low,medium,91.1
7.7,98.2,58.9,12,6.1,2.4,low,medium,100.0
4.4,97.8,88.0,4,8.2,5.6,low,low,97.2
6.6,100.0,59.8,12,5.4,3.4,low,medium,100.0
5.3,87.9,56.5,10,7.4,2.8,low,high,90.0
7.7,77.7,73.5,8,6.9,0.3,medium,low,93.4
7.2,84.6,59.7,9,8.0,6.2,low,medium,100.0
4.3,88.1,70.1,9,5.4,3.0,low,low,94.1
5.6,79.9,84.8,7,5.2,0.0,low,medium,93.3
8.6,100.0,71.8,12,7.9,4.5,low,medium,100.0
7.0,100.0,71.8,11,6.5,2.9,medium,high,100.0
2.5,91.8,73.1,8,6.9,1.6,high,medium,84.2
7.6,87.9,44.6,7,6.2,4.4,medium,low,86.8
3.3,77.6,75.9,11,8.1,0.0,medium,low,89.2
9.5,100.0,72.4,3,7.4,1.9,high,medium,97.4
8.6,88.6,83.4,9,7.3,2.6,medium,medium,100.0
6.7,85.7,79.1,10,5.6,4.3,low,high,100.0
6.4,91.8,67.0,6,7.6,6.4,low,low,79.2
5.5,83.3,85.5,10,5.8,2.6,medium,high,100.0
7.7,89.2,65.6,8,6.2,3.7,medium,medium,99.4
5.1,76.5,73.7,7,5.4,7.1,high,high,90.3
6.6,96.7,65.3,10,6.8,3.0,low,high,100.0
8.2,87.2,76.9,5,8.3,3.7,high,high,100.0
4.6,97.3,64.4,10,7.3,1.1,medium,medium,94.4
4.5,86.4,94.7,3,6.5,5.9,high,medium,89.8
3.0,86.9,100.0,9,7.1,1.9,medium,low,99.6
3.3,78.3,83.1,8,7.1,3.4,low,low,98.7
1.4,94.1,93.1,7,7.1,3.4,low,medium,82.3
7.8,81.0,46.9,9,7.2,3.1,low,high,94.8
10.5,84.1,48.7,8,5.8,2.3,low,medium,93.5
9.6,88.0,65.2,11,7.1,3.4,high,medium,100.0
1.9,89.0,70.6,9,4.9,5.6,low,low,74.3
7.8,74.4,67.0,9,7.7,6.4,low,medium,86.1
9.6,86.2,45.4,9,5.7,2.7,low,low,93.1
4.9,94.4,87.3,7,8.4,2.3,medium,low,90.8
6.3,85.0,100.0,7,4.1,1.8,low,low,100.0
1.0,86.2,89.2,9,9.0,7.0,low,high,88.2
6.7,89.3,86.3,8,5.0,3.2,high,medium,100.0
3.3,87.0,73.4,11,5.6,4.7,low,high,91.5
6.5,79.8,57.4,8,7.4,4.0,high,medium,88.2
2.1,87.7,71.1,9,7.7,6.3,low,medium,82.1
7.4,96.0,100.0,4,6.7,2.6,medium,high,100.0
8.6,79.6,64.7,10,8.1,1.3,medium,high,100.0
4.0,85.0,63.2,7,6.0,5.8,low,low,78.1
3.2,76.9,86.6,5,6.5,4.4,medium,low,87.5
0.6,95.5,87.6,12,6.6,3.7,low,low,95.9
5.3,87.3,57.3,10,6.4,5.3,low,medium,82.3
4.5,81.2,66.1,10,4.7,3.8,high,low,93.0
2.1,88.7,62.5,9,7.0,5.4,high,medium,85.4
7.1,78.4,71.0,8,6.9,3.4,low,medium,78.5
4.9,79.7,86.6,7,8.3,4.4,medium,high,96.3
3.3,76.3,57.9,10,5.5,3.8,low,high,73.5
4.6,79.5,86.3,11,6.2,2.5,low,medium,92.4
8.7,98.9,71.5,8,8.4,2.7,low,medium,100.0
7.5,82.1,100.0,12,7.4,2.4,medium,low,100.0
5.7,91.7,74.8,8,7.7,3.4,medium,low,90.3
7.5,81.3,68.5,5,7.5,2.3,medium,medium,93.4
3.1,94.1,78.6,4,7.5,3.7,high,high,88.7
6.1,79.8,64.9,4,9.2,3.6,medium,low,80.3
6.4,88.3,43.1,7,7.1,3.3,low,medium,82.9
4.8,88.4,66.4,7,5.8,3.3,low,high,97.0
7.1,100.0,66.2,10,7.8,2.2,medium,medium,91.5
4.0,93.0,46.1,8,6.3,2.6,low,high,90.5
7.3,83.3,68.9,10,6.9,0.5,low,high,98.1
7.4,93.5,39.0,8,7.4,2.8,low,low,81.1
0.0,100.0,64.8,8,6.0,1.5,medium,medium,78.6
9.0,75.0,73.7,7,6.4,3.1,medium,low,89.6
0.0,81.3,71.5,12,7.6,1.9,medium,medium,80.4
4.5,86.1,63.8,4,6.3,0.0,medium,high,87.3
8.6,84.7,68.7,9,8.2,6.4,high,low,100.0
5.2,85.3,58.2,8,5.8,2.7,high,high,78.3
2.3,77.6,70.2,10,5.8,5.2,low,high,90.9
3.3,99.2,70.9,8,9.3,2.2,medium,medium,97.6
8.6,76.6,56.5,8,5.2,5.5,low,medium,81.3
1.2,86.4,74.0,7,7.0,1.3,high,medium,86.2
8.8,96.4,73.9,11,9.2,3.3,medium,medium,100.0
5.9,87.8,67.5,8,7.0,1.4,low,low,81.3
3.0,80.2,100.0,12,8.6,6.9,medium,low,100.0
4.5,77.2,67.9,9,7.8,2.6,medium,low,83.8
3.5,86.2,65.8,8,7.0,4.2,high,medium,92.2
8.2,81.9,63.7,8,6.8,3.7,low,low,87.0
7.8,89.6,55.4,9,4.5,3.0,low,medium,100.0
1.7,76.8,80.3,7,6.6,3.8,high,medium,82.6
5.0,94.5,59.7,8,7.3,5.0,medium,low,86.0
3.8,88.9,61.5,8,7.3,4.0,low,medium,81.9
9.2,89.5,61.9,9,10.0,3.2,medium,low,100.0
2.6,99.5,55.2,9,7.3,3.8,medium,low,80.3
10.0,84.5,43.7,9,7.8,5.9,low,low,100.0
5.9,82.2,63.1,8,8.4,2.4,low,low,90.8
3.1,83.6,83.1,12,7.6,0.2,low,medium,91.2
4.3,86.5,73.0,9,6.9,1.4,low,low,91.1
4.0,87.3,93.4,12,6.9,1.5,low,medium,100.0
2.8,81.4,81.3,8,6.6,1.7,low,medium,80.3
6.2,71.8,77.9,10,7.5,1.7,medium,medium,99.7
2.9,83.5,98.2,6,6.8,3.0,medium,medium,97.1
0.5,90.9,68.5,12,7.7,3.4,medium,high,98.6
5.1,89.1,70.9,6,5.8,3.4,low,high,96.5
1.5,97.6,69.8,9,7.2,1.9,medium,medium,100.0
4.1,100.0,93.2,7,8.9,4.5,low,medium,100.0
3.7,94.1,70.0,9,6.7,3.8,high,low,96.9
3.8,99.1,60.3,7,9.2,5.4,low,medium,85.8
11.0,94.1,78.8,6,7.2,4.3,high,medium,100.0
6.1,100.0,57.8,7,6.9,2.5,medium,high,89.7
6.6,100.0,78.0,12,7.1,5.0,high,high,100.0
1.6,95.6,76.2,9,6.6,3.4,high,low,100.0
4.4,93.7,67.2,5,4.6,4.2,high,high,82.3
6.5,86.4,78.5,11,8.1,4.1,medium,high,100.0
3.4,87.7,47.7,6,9.6,2.8,low,medium,79.9
8.3,85.3,72.4,10,7.6,3.2,medium,high,100.0
3.0,93.0,63.1,9,7.6,2.8,low,medium,88.2
5.3,82.2,100.0,10,6.8,1.7,low,medium,100.0
4.5,86.5,72.3,12,8.4,0.0,high,high,100.0
6.4,69.2,61.1,6,7.0,2.0,medium,low,90.0
4.4,100.0,49.3,10,7.3,3.3,low,medium,92.5
5.3,86.2,89.6,11,5.1,4.6,high,high,100.0
5.4,91.6,64.7,6,6.4,4.2,low,high,94.5
4.2,99.7,58.1,6,7.4,2.6,high,low,75.8
7.2,90.4,75.0,7,8.1,2.0,medium,medium,98.5
6.6,99.6,79.7,9,8.1,2.7,low,low,100.0
5.8,78.1,79.5,4,5.1,1.5,low,high,91.7
4.9,100.0,70.3,9,5.2,0.0,high,medium,100.0
8.0,96.7,72.4,4,7.7,0.7,low,medium,97.9
5.4,89.7,73.5,11,6.1,5.1,high,high,100.0
5.2,99.4,75.0,9,8.1,5.8,medium,medium,98.4
6.3,78.7,76.4,12,5.0,4.1,low,medium,100.0
10.2,85.7,86.4,10,6.9,2.9,medium,medium,100.0
2.6,99.6,70.8,7,7.0,0.9,medium,medium,86.2
7.9,73.1,57.7,6,7.6,2.8,low,medium,92.1
1.3,92.5,67.8,9,5.8,3.9,medium,high,93.0
6.5,92.3,81.3,8,4.6,4.2,low,low,91.3
9.9,100.0,43.2,11,7.2,4.0,low,medium,94.3
7.2,75.3,43.3,6,7.6,4.8,high,medium,81.4
6.4,100.0,83.8,12,8.2,5.9,medium,low,100.0
4.6,83.5,92.8,11,6.6,2.4,medium,high,100.0
6.1,84.4,51.0,7,7.9,7.2,medium,medium,80.6
5.4,78.2,71.5,12,7.6,0.0,medium,low,100.0
4.0,79.3,64.0,6,8.6,1.8,low,medium,86.1
5.3,91.2,66.1,9,6.9,3.3,high,medium,100.0
6.5,79.1,74.6,5,4.9,3.8,medium,medium,83.5
4.1,93.9,50.6,12,6.9,2.7,high,low,100.0
4.0,82.7,53.4,4,7.1,2.3,high,low,77.0
2.6,78.3,65.5,4,7.6,6.3,medium,low,70.3
7.0,83.8,67.8,6,5.2,2.2,medium,medium,89.8
7.4,90.7,53.1,11,6.6,1.5,low,medium,94.7
6.6,85.8,81.8,10,8.0,5.5,low,medium,100.0
8.4,88.3,63.7,8,6.9,4.3,medium,low,100.0
6.2,93.6,63.7,11,6.6,4.6,low,medium,96.6
7.0,96.7,74.2,8,9.3,3.3,low,medium,100.0
6.8,85.5,68.1,9,5.7,0.9,medium,high,100.0
5.8,79.6,82.6,12,8.5,3.1,low,medium,100.0
4.7,88.6,56.0,7,8.2,0.7,low,medium,78.6
11.5,91.8,49.0,6,6.7,3.4,medium,medium,97.6
4.9,76.3,65.4,9,7.0,4.0,low,medium,92.8
4.3,80.9,70.9,10,7.0,4.6,low,medium,85.6
7.1,82.2,51.4,8,7.2,2.9,low,low,78.9
6.6,86.3,49.2,11,6.3,4.1,medium,low,90.3
2.5,81.9,72.7,7,6.5,1.6,high,high,85.9
8.8,93.7,58.6,8,6.6,4.4,low,medium,97.7
5.8,75.2,48.2,9,6.6,4.0,medium,medium,80.9
3.2,75.4,84.5,9,6.6,1.8,low,medium,100.0
9.0,85.3,60.5,12,4.3,3.8,medium,low,98.8
7.6,86.6,87.2,9,7.1,4.6,low,medium,100.0
2.8,76.4,70.4,7,6.4,3.1,high,medium,87.1
10.4,83.1,74.4,9,4.8,1.8,medium,low,95.1
7.6,84.8,66.8,11,6.6,3.3,medium,high,100.0
6.0,84.9,30.2,10,6.5,3.8,low,low,82.6
10.0,89.2,52.9,10,8.5,1.8,high,medium,100.0
6.4,82.7,68.1,4,6.4,1.5,low,medium,91.3
5.9,99.8,75.5,2,7.8,3.8,medium,high,91.0
4.3,91.9,43.2,11,8.7,4.2,medium,high,97.0
7.5,81.5,69.2,9,6.2,6.2,medium,medium,87.0
7.2,88.8,53.2,8,6.9,4.0,high,medium,98.6
6.0,89.0,73.5,10,9.1,1.2,medium,high,100.0
4.0,97.7,69.7,12,7.3,6.1,medium,medium,100.0
6.3,83.2,81.2,12,7.4,4.6,low,low,98.7
5.8,94.1,86.0,10,6.5,0.0,low,high,100.0
2.7,88.3,76.9,6,7.8,1.5,medium,medium,84.8
2.3,99.9,82.9,6,7.0,2.3,medium,medium,84.3
7.4,98.3,64.7,2,4.8,4.3,medium,high,89.9
0.0,89.6,100.0,10,6.6,0.0,medium,high,100.0
6.5,85.9,51.7,11,5.6,2.8,medium,low,82.3
4.8,92.1,62.1,11,7.1,4.2,low,medium,98.5
9.3,86.6,83.5,10,5.9,0.0,low,medium,100.0
4.8,100.0,81.3,8,7.6,4.1,high,high,100.0
7.6,88.6,77.3,7,7.1,4.3,low,high,100.0
5.0,84.8,80.1,6,5.5,1.7,low,high,91.9
6.3,84.3,38.7,8,6.4,1.3,medium,low,80.2
7.8,78.3,93.8,6,7.7,1.7,low,low,92.7
4.8,92.5,66.9,12,8.4,0.0,medium,medium,100.0
8.5,81.4,88.7,5,5.9,2.5,medium,low,98.0
3.5,96.8,39.5,8,5.7,3.3,medium,low,78.9
6.7,77.7,73.8,3,9.3,1.2,high,medium,97.6
8.3,89.0,61.5,9,7.0,4.5,high,medium,90.0
7.7,97.2,78.6,8,7.1,3.2,medium,medium,100.0
10.8,70.8,74.8,7,6.1,3.4,high,high,100.0
4.1,100.0,75.5,6,7.3,2.4,low,low,95.1
2.6,84.6,54.1,8,9.1,4.1,low,high,77.7
3.5,89.1,69.1,7,7.3,4.9,medium,medium,92.4
7.7,92.6,67.3,8,8.3,2.4,medium,medium,94.1
7.2,93.8,77.4,12,7.0,4.1,low,medium,100.0
6.3,90.2,84.8,8,5.8,4.2,low,high,100.0
3.2,96.0,72.3,9,6.2,3.6,low,low,89.6
7.9,92.2,50.9,7,5.7,5.5,low,high,84.9
2.9,100.0,71.6,6,7.3,1.9,low,medium,85.1
8.9,92.2,100.0,8,8.5,2.4,high,medium,100.0
13.1,100.0,94.7,12,7.2,1.8,high,high,100.0
6.9,95.2,25.4,7,6.6,4.1,medium,medium,91.9
7.5,73.6,71.0,9,6.1,2.6,medium,medium,99.1
4.8,100.0,84.0,6,7.4,2.0,low,medium,98.3
1.5,83.4,67.3,1,5.5,5.5,medium,medium,69.0
4.5,100.0,63.1,6,5.6,5.7,medium,high,100.0
3.3,88.2,66.0,12,8.1,2.5,medium,high,100.0
2.4,96.5,78.3,9,6.7,0.9,low,high,96.4
10.3,82.5,52.8,12,6.6,5.8,high,high,100.0
6.7,93.0,87.8,7,6.8,3.7,high,medium,100.0
6.9,86.0,69.2,2,7.9,3.6,low,high,89.2
5.2,100.0,56.0,5,7.2,3.2,high,low,81.6
5.6,91.5,86.9,9,6.1,1.8,low,medium,98.5
8.4,95.5,46.8,9,6.2,2.4,high,medium,96.4
5.9,70.7,61.7,8,6.8,4.0,medium,medium,83.7
7.3,87.3,61.4,7,7.4,2.3,medium,medium,96.4
5.5,91.3,100.0,10,7.0,3.6,medium,high,100.0
5.1,89.8,59.7,7,6.9,3.0,medium,high,90.6
2.5,95.7,37.7,9,7.1,1.4,high,high,84.5
1.1,85.1,61.3,8,7.0,5.4,high,high,84.3
5.3,88.4,76.8,7,6.1,3.9,medium,high,73.1
6.1,97.4,81.8,6,8.3,3.5,high,medium,97.0
2.8,69.8,100.0,7,6.4,3.8,medium,medium,95.4
5.9,92.7,91.1,12,7.2,0.3,medium,high,100.0
6.1,85.3,72.8,11,4.5,2.3,low,medium,100.0
0.6,80.7,56.6,11,6.7,0.7,high,medium,86.7
3.7,90.7,94.4,6,5.7,3.2,medium,low,91.4
7.0,97.8,64.5,4,5.8,3.5,medium,medium,86.8
7.0,96.3,60.1,11,9.9,3.2,medium,medium,100.0
3.1,86.9,63.7,10,7.3,4.8,high,medium,91.9
6.4,95.0,51.2,8,8.5,0.8,low,high,97.9
8.6,94.9,63.0,7,8.0,1.8,low,low,83.2
7.9,87.3,66.5,4,8.2,3.6,low,low,85.1
5.8,82.5,81.0,10,6.8,3.4,low,high,96.5
4.8,82.9,64.2,11,8.9,1.0,low,low,78.4
4.4,94.7,51.0,6,8.0,4.8,medium,medium,80.5
7.2,87.7,45.9,6,7.0,5.3,low,high,76.8
6.5,79.6,73.1,11,7.3,3.6,high,medium,100.0
7.6,74.5,71.1,6,6.8,0.7,high,low,89.4
6.3,94.7,61.7,12,7.1,3.2,low,medium,100.0
8.0,83.6,63.0,8,6.9,3.5,medium,high,96.3
6.2,90.6,75.8,7,7.5,2.6,low,medium,86.5
8.0,97.9,90.9,8,9.1,5.0,medium,medium,100.0
8.2,77.5,58.3,7,5.6,2.8,medium,medium,100.0
4.0,87.6,71.3,11,8.4,6.2,medium,high,100.0
1.5,86.6,84.4,10,6.6,4.2,medium,low,95.5
9.9,91.0,58.4,11,8.5,3.4,medium,medium,100.0
6.6,97.9,69.8,8,6.6,4.4,medium,low,95.5
1.7,77.4,69.4,7,7.5,5.3,high,high,80.1
4.2,92.6,50.3,8,6.8,4.3,high,medium,87.6
7.9,96.3,72.5,7,4.9,2.9,medium,low,90.7
5.3,86.5,70.5,12,9.1,2.0,low,low,100.0
4.7,86.9,78.3,11,5.9,1.3,medium,high,97.1
9.5,91.3,52.2,8,7.1,0.0,high,low,87.4
3.4,90.8,70.1,6,5.7,3.3,medium,medium,79.8
4.0,92.7,90.7,12,5.4,2.4,medium,medium,100.0
6.5,92.5,100.0,8,6.8,2.5,low,high,100.0
7.0,80.1,89.2,8,6.3,4.5,medium,medium,80.5
7.2,95.9,52.3,12,5.6,2.8,medium,high,98.1
8.3,97.3,76.8,7,7.0,5.8,high,low,100.0
6.5,89.5,62.8,7,5.2,2.1,low,medium,88.0
7.2,76.0,74.3,7,7.2,1.5,low,low,95.7
5.4,87.1,58.4,5,6.8,1.1,low,medium,78.8
6.2,89.6,44.3,9,4.0,4.1,low,medium,84.7
6.3,78.8,64.8,6,6.4,4.7,medium,medium,87.0
6.5,85.1,80.8,7,7.6,2.1,low,high,95.0
7.9,76.7,74.3,6,5.7,1.4,medium,high,99.2
7.4,92.9,76.0,7,7.6,5.3,medium,medium,100.0
6.1,89.3,73.2,6,7.5,0.8,medium,medium,96.0
4.0,74.8,76.1,9,5.8,4.5,medium,medium,89.5
6.2,90.8,77.9,8,7.0,2.1,medium,high,96.0
5.9,87.5,65.9,8,8.0,3.6,medium,low,98.3
6.5,92.1,71.2,12,5.9,4.6,low,medium,100.0
11.5,84.9,96.1,8,6.8,3.7,medium,medium,100.0
4.7,81.6,72.1,10,8.4,2.6,medium,medium,100.0
7.1,81.8,70.6,10,6.0,5.1,low,medium,100.0
8.7,83.7,71.5,8,7.6,3.4,high,medium,100.0
6.2,88.2,66.7,9,5.7,8.5,medium,low,97.9
11.8,89.2,63.5,8,6.8,0.4,low,high,100.0
5.1,86.5,73.1,9,7.5,0.4,medium,low,88.2
6.8,84.6,62.4,7,4.1,4.5,low,medium,78.3
4.0,85.2,67.8,7,6.4,3.0,medium,medium,76.9
5.1,100.0,58.1,8,7.5,4.2,low,medium,100.0
6.6,81.8,71.6,3,7.3,1.4,low,medium,79.3
8.1,83.5,78.8,12,6.4,3.1,low,high,100.0
6.8,100.0,66.8,12,5.7,3.7,medium,medium,100.0
9.1,91.4,39.9,8,7.8,2.2,low,low,86.4
5.8,77.0,78.9,10,6.6,3.3,low,low,100.0
5.2,94.7,71.8,11,7.7,1.0,low,medium,99.5
12.8,80.7,55.1,5,7.5,3.6,low,medium,99.7
7.0,95.3,81.6,10,6.5,5.2,medium,high,100.0
4.2,86.3,49.0,7,8.3,1.1,low,medium,70.2
4.3,84.5,85.7,12,6.3,1.1,medium,medium,99.2
3.6,100.0,69.1,8,8.4,4.8,medium,high,90.9
8.3,92.5,36.0,10,8.6,1.0,low,high,91.8
5.1,95.8,72.7,8,8.3,4.3,medium,medium,87.3
6.3,91.5,63.9,12,6.8,3.1,medium,medium,100.0
5.8,84.4,61.6,7,10.0,2.4,medium,low,87.0
7.8,92.9,58.9,11,7.2,5.2,medium,medium,93.8
3.9,97.7,68.1,10,7.3,4.4,low,low,93.3
3.3,89.1,62.7,9,7.0,3.4,medium,medium,92.7
6.6,100.0,42.1,9,5.6,0.0,high,high,100.0
7.5,94.8,89.1,6,8.6,4.1,medium,medium,92.5
6.8,89.7,66.3,2,6.3,1.4,medium,low,76.5
4.0,90.0,59.0,11,8.1,2.7,medium,low,82.8
7.7,89.1,53.1,7,8.4,3.0,high,high,92.2
4.1,78.0,81.6,11,7.7,5.8,low,low,100.0
4.7,87.3,50.5,9,6.2,2.6,medium,medium,80.7
3.6,89.8,72.0,11,6.6,0.9,medium,high,95.6
9.3,84.7,61.2,10,4.0,5.2,medium,medium,95.1
7.6,90.7,62.1,2,6.9,4.1,medium,medium,94.3
7.5,88.2,53.4,10,8.0,4.1,medium,low,80.9
9.1,94.2,60.7,7,6.7,5.2,medium,medium,96.0
13.0,93.3,70.1,11,6.3,5.6,medium,low,100.0
1.7,89.3,73.5,9,6.6,1.7,low,medium,77.8
4.2,77.1,58.2,10,8.5,0.9,high,medium,95.9
4.5,100.0,68.6,7,6.9,4.3,low,high,83.4
3.9,86.9,83.3,6,9.2,2.6,low,medium,89.0
3.3,87.4,45.1,7,6.3,2.7,low,high,76.2
5.3,85.3,69.9,4,7.3,1.3,medium,medium,79.4
3.0,84.1,55.7,7,6.5,3.9,medium,high,69.0
6.8,100.0,54.2,4,9.5,3.6,medium,medium,88.9
6.1,99.1,73.9,4,7.2,2.8,medium,medium,89.1
7.2,91.6,61.8,8,9.6,0.9,low,medium,100.0
7.3,87.1,51.7,9,6.5,4.8,low,medium,95.3
7.5,93.0,89.9,8,8.8,3.4,high,high,100.0
5.1,88.6,83.8,7,7.1,4.7,medium,high,99.1
11.3,86.5,41.0,6,8.0,0.0,high,low,96.4
6.6,90.7,47.9,7,5.5,3.1,low,high,84.6
1.3,84.5,78.9,6,7.4,1.9,high,low,92.8
3.5,90.0,65.7,8,5.7,3.1,high,medium,88.5
1.6,89.6,92.5,4,7.3,4.4,medium,high,88.1
6.0,92.8,79.2,10,5.2,3.6,medium,low,100.0
5.7,83.0,74.5,7,6.9,3.0,low,low,85.1
4.8,93.7,54.7,9,8.3,3.0,medium,high,90.2
11.0,80.7,77.4,10,7.7,0.7,medium,medium,100.0
7.4,83.4,50.9,9,5.5,1.6,medium,medium,94.4
7.8,83.8,89.6,10,4.7,4.7,low,high,100.0
3.7,79.4,76.3,3,7.6,2.2,medium,medium,79.3
3.5,96.1,57.6,7,8.9,4.7,medium,low,85.7
6.1,80.2,82.1,11,5.8,4.2,medium,high,100.0
6.4,82.4,100.0,9,9.5,4.3,medium,medium,100.0
1.4,98.0,66.7,12,7.0,3.5,high,medium,95.5
5.5,83.4,78.3,12,4.6,2.3,low,medium,83.4
6.0,86.5,63.5,9,5.1,2.8,low,high,97.5
5.5,79.9,71.3,7,7.9,4.0,low,low,84.1
4.0,94.7,47.4,6,7.2,0.0,high,low,74.1
4.7,94.8,70.0,7,8.8,4.9,medium,medium,92.7
5.6,93.9,70.7,7,5.6,2.2,medium,medium,96.6
6.2,92.3,97.0,7,7.1,2.9,high,low,100.0
7.5,88.6,43.1,6,7.0,2.9,medium,medium,74.7
8.7,83.8,65.8,9,6.8,2.9,low,medium,95.0
5.3,81.5,89.3,12,6.5,1.0,medium,medium,100.0
4.9,98.3,66.4,10,6.6,3.2,medium,low,92.1
7.1,94.1,67.4,7,7.2,3.9,medium,medium,100.0
7.5,82.5,57.5,11,7.4,0.0,low,medium,96.0
4.9,88.3,56.0,9,7.3,1.0,low,medium,93.5
8.0,85.6,42.6,8,8.4,4.3,medium,low,86.4
8.4,79.0,60.6,8,5.6,4.1,low,high,97.4
9.2,89.4,55.2,8,4.8,3.4,high,medium,91.0
10.4,84.7,71.8,10,8.2,2.0,low,low,100.0
3.8,80.4,58.2,8,5.9,4.1,high,medium,74.3
6.0,76.2,62.8,6,6.5,1.2,low,low,77.7
6.0,75.5,63.2,6,6.3,2.8,high,medium,77.9
5.8,85.0,69.3,9,6.2,1.0,medium,medium,99.2
4.4,87.3,62.1,9,5.3,2.8,low,low,88.6
2.3,81.0,54.1,7,6.3,1.5,low,high,69.1
6.2,93.2,71.3,5,7.8,4.1,low,medium,98.2
4.1,87.5,86.0,11,7.0,3.6,medium,low,96.9
6.2,92.6,71.9,11,7.6,2.1,low,low,100.0
4.0,86.5,60.9,3,6.4,4.6,low,low,76.5
3.3,81.7,68.2,11,8.1,1.6,medium,high,94.2
6.6,88.9,39.2,7,6.4,2.9,medium,medium,88.6
6.4,77.9,67.9,8,4.5,2.1,medium,high,92.0
7.4,92.3,64.0,11,7.4,4.1,low,low,100.0
11.5,80.5,56.0,12,7.9,4.0,medium,medium,100.0
6.7,95.3,58.7,11,6.3,5.0,low,medium,87.0
7.2,85.3,63.8,9,8.4,3.1,medium,medium,97.1
3.3,96.5,84.9,5,6.0,0.0,low,low,81.0
2.8,79.0,86.4,3,7.8,2.4,high,low,90.2
10.0,82.6,56.1,10,9.1,5.3,medium,high,98.4
3.7,91.0,62.2,11,7.0,2.5,medium,medium,100.0
3.4,97.4,62.6,6,6.7,0.1,high,low,83.3
5.9,100.0,82.1,7,6.9,3.7,high,high,100.0
5.8,88.3,72.2,7,9.0,3.8,medium,medium,86.7
3.7,100.0,71.4,7,7.5,1.9,medium,high,91.6
5.2,85.7,78.0,11,9.6,2.6,high,high,100.0
9.1,96.8,61.1,9,7.3,1.7,low,low,100.0
4.0,80.5,90.5,7,6.2,3.8,medium,high,92.2
2.5,91.4,70.0,12,6.3,3.1,medium,low,99.9
8.4,69.3,57.2,4,7.1,1.3,medium,medium,90.4
7.2,79.0,66.6,9,4.6,3.0,high,medium,100.0
4.4,91.7,88.5,5,6.4,1.9,medium,medium,90.7
2.0,77.5,63.6,8,6.5,5.2,medium,low,87.3
4.1,91.4,84.2,8,7.3,4.3,high,low,100.0
5.9,95.3,60.6,10,9.3,2.8,medium,medium,100.0
8.9,84.0,58.5,7,7.1,3.1,low,medium,91.9
3.4,80.2,79.9,7,4.7,4.5,low,medium,80.2
5.8,84.2,56.9,7,5.9,2.7,medium,low,86.8
7.7,80.3,82.3,5,7.3,4.1,low,high,98.5
0.0,87.2,75.3,10,7.1,5.2,medium,high,88.8
8.6,88.8,56.9,9,8.9,2.3,high,high,96.1
3.0,85.6,68.9,9,8.2,5.5,low,low,87.4
6.8,100.0,61.8,8,8.1,5.0,high,low,100.0
6.6,82.2,75.2,8,6.7,3.4,medium,medium,100.0
8.7,99.1,98.3,11,8.3,2.3,high,medium,100.0
7.4,79.7,64.4,11,5.9,3.4,low,medium,96.5
0.1,88.6,78.0,12,8.2,2.6,medium,low,81.3
4.0,97.5,70.4,9,6.7,1.8,medium,high,93.0
6.3,97.1,70.4,11,5.3,3.8,medium,medium,100.0
5.5,84.6,67.5,7,7.7,1.5,high,medium,96.6
7.2,92.4,57.1,7,8.7,2.5,high,medium,93.0
8.0,91.4,75.0,11,6.5,2.5,low,low,99.6
7.5,83.7,65.7,10,8.9,1.0,medium,low,100.0
5.5,92.9,56.4,7,5.0,4.0,medium,high,86.1
1.4,100.0,85.2,5,5.6,2.7,low,medium,80.8
4.9,91.8,71.5,7,6.8,4.9,high,low,98.0
7.0,92.5,66.6,6,6.6,2.6,medium,medium,96.9
3.3,93.4,90.1,12,6.2,2.4,high,low,100.0
7.6,76.3,42.5,10,7.2,1.6,high,high,90.7
8.3,91.7,89.1,6,6.4,3.1,low,high,100.0
6.3,79.9,56.8,5,6.6,3.1,medium,medium,86.0
0.0,83.3,73.2,6,7.3,4.1,medium,high,79.9
2.8,100.0,61.2,7,6.2,3.1,high,medium,86.6
10.7,86.0,56.2,8,6.9,6.1,medium,high,98.4
4.6,82.1,89.7,11,6.2,3.7,low,medium,98.6
1.0,97.2,97.8,6,5.6,1.5,medium,high,91.6
9.1,80.4,66.7,12,7.9,1.4,low,high,100.0
6.0,84.4,75.0,6,9.0,3.8,medium,medium,87.3
8.8,98.0,70.9,4,8.3,1.5,high,low,99.3
6.7,88.3,96.0,12,7.4,3.9,low,low,100.0
7.1,75.5,38.3,11,6.2,4.3,low,medium,74.2
6.9,92.4,75.7,8,6.7,4.4,medium,low,95.6
7.7,84.8,59.1,9,8.3,1.7,high,medium,100.0
11.7,100.0,34.7,9,4.3,4.4,low,medium,100.0
8.4,83.2,64.6,8,6.6,3.5,low,low,100.0
2.0,96.4,97.7,5,7.9,2.1,medium,high,94.0
7.1,100.0,60.2,2,5.6,2.8,medium,low,93.9
8.9,81.2,81.9,6,7.5,3.7,low,low,100.0
9.0,86.5,88.0,12,7.5,2.0,high,low,100.0
4.9,91.1,69.8,12,5.3,3.5,high,high,97.5
8.9,81.1,71.8,7,7.1,5.2,medium,medium,100.0
8.3,90.2,44.3,6,6.3,4.4,low,low,88.4
12.4,86.2,59.3,9,7.5,3.1,medium,low,100.0
4.1,86.0,83.6,9,7.8,3.4,low,medium,81.9
4.7,88.4,70.9,10,7.5,2.2,medium,high,99.1
5.2,88.6,75.5,2,7.1,2.2,medium,medium,82.0
4.8,89.3,72.0,12,7.3,0.7,low,medium,100.0
3.8,83.2,100.0,11,5.6,3.4,low,medium,100.0
0.0,83.6,63.5,8,7.0,4.0,low,low,68.2
4.9,87.1,94.1,6,6.0,2.9,low,medium,89.5
6.9,87.6,72.0,10,8.2,1.7,low,medium,99.8
4.8,84.5,95.4,9,7.8,3.1,medium,medium,100.0
10.8,90.6,51.6,8,7.8,5.0,medium,low,90.7
6.0,73.5,72.8,9,9.1,4.3,low,low,85.6
9.2,82.2,64.1,8,6.6,3.0,low,medium,97.1
6.7,85.8,72.1,9,6.3,6.1,high,medium,100.0
8.1,81.2,88.3,10,6.6,7.0,medium,medium,100.0
6.7,100.0,75.7,9,5.1,2.3,high,high,100.0
9.4,88.2,88.3,9,5.2,2.6,medium,high,100.0
6.1,89.4,59.9,11,7.7,4.0,low,high,92.5
7.2,84.1,57.7,4,5.3,1.6,low,medium,79.0
6.9,87.9,70.2,6,5.7,4.3,medium,high,93.7
5.3,78.3,69.4,8,6.9,3.2,high,medium,92.5
7.0,86.6,67.2,6,6.5,3.6,medium,medium,91.0
11.6,80.5,55.6,7,8.1,2.1,medium,medium,100.0
5.3,85.8,88.0,11,7.1,1.8,medium,low,100.0
7.0,67.5,64.6,8,6.0,0.0,low,medium,81.4
9.1,79.0,91.4,3,8.2,5.2,low,high,94.9
8.9,99.7,70.2,7,7.9,4.4,high,high,100.0
6.0,94.6,79.7,8,5.3,4.0,low,medium,99.6
0.0,98.6,78.4,8,7.3,3.5,low,high,95.1
7.3,99.1,57.6,9,6.1,0.0,medium,low,100.0
0.5,93.4,75.5,9,6.1,1.9,medium,high,81.6
9.7,84.4,98.9,8,9.2,2.6,high,medium,100.0
6.4,79.7,73.8,5,7.1,1.4,low,medium,87.4
8.5,97.2,83.5,7,6.7,0.5,high,medium,100.0
3.7,88.5,80.4,6,7.1,1.5,low,high,88.9
2.1,100.0,74.6,7,8.0,3.1,low,low,97.2
6.7,85.1,72.8,10,6.2,3.1,medium,medium,96.1
5.9,100.0,78.2,9,6.4,4.4,high,high,100.0
4.8,86.7,81.4,10,7.8,6.1,medium,low,99.1
6.2,98.7,49.7,7,5.2,4.0,low,medium,91.8
12.9,100.0,73.7,12,8.2,2.7,medium,medium,100.0
8.1,79.8,67.2,10,5.1,5.7,low,high,100.0
8.6,84.1,64.1,8,6.7,0.6,high,high,89.0
8.1,79.7,89.4,10,5.1,0.0,high,medium,100.0
9.7,78.2,59.0,6,5.7,1.7,medium,medium,94.0
5.5,93.3,49.1,3,8.6,4.2,medium,medium,83.8
0.9,86.4,81.9,6,8.3,3.3,medium,medium,73.9
5.5,88.4,48.7,10,8.4,1.3,medium,low,87.1
8.0,92.4,41.1,8,5.3,1.9,low,medium,93.7
3.6,73.1,83.6,8,5.7,1.1,low,medium,84.0
5.6,98.3,72.4,6,7.4,1.1,medium,low,92.8
4.3,85.2,77.1,3,7.9,5.3,high,medium,83.7
9.8,92.3,63.4,12,6.0,2.8,low,low,100.0
7.9,93.0,49.2,7,6.3,5.7,high,high,100.0
7.6,99.0,52.2,7,5.6,1.7,medium,high,85.6
7.6,87.2,65.9,6,9.0,3.7,high,medium,97.7
5.9,71.0,50.9,11,6.4,3.3,high,high,93.6
6.5,88.5,74.6,10,7.0,4.3,low,high,100.0
3.0,89.6,63.1,6,7.1,3.4,medium,high,82.2
0.5,79.7,72.8,11,8.3,4.5,medium,medium,93.3
6.4,89.2,72.3,8,5.9,3.8,high,medium,97.4
6.8,85.1,75.8,6,8.4,1.4,low,high,98.9
9.0,77.3,77.5,7,5.5,4.1,medium,medium,100.0
9.9,93.4,64.8,6,8.4,2.8,high,medium,100.0
9.9,83.5,72.8,5,4.9,1.8,low,medium,98.6
3.5,84.7,73.5,10,6.9,4.0,low,low,83.7
5.1,84.3,33.6,7,9.0,4.4,low,high,80.7
7.2,97.9,79.7,10,7.8,2.3,low,high,100.0
12.3,87.7,72.2,9,7.5,2.5,medium,low,100.0
9.7,88.6,78.5,9,5.7,0.9,low,low,100.0
8.8,84.5,50.7,3,6.1,0.3,medium,high,87.7
5.0,91.7,65.3,6,8.6,2.6,low,low,84.4
3.8,98.8,53.6,9,7.6,4.2,high,medium,93.1
8.0,93.2,81.2,5,8.1,2.1,low,medium,93.6
3.2,93.5,48.9,9,7.1,5.1,medium,medium,83.6
5.4,92.8,56.1,5,6.7,2.7,low,low,81.4
5.7,77.0,78.0,8,7.9,2.7,medium,low,87.8
10.0,81.0,60.6,12,7.3,2.6,low,medium,100.0
5.1,86.4,56.1,10,6.8,4.5,medium,medium,81.5
0.0,82.2,83.6,3,5.3,1.6,low,high,77.4
7.3,79.5,84.2,10,8.1,2.8,low,high,93.5
4.3,73.0,80.8,12,7.5,2.2,medium,high,99.9
6.1,77.2,82.7,12,6.3,2.2,low,medium,100.0
5.8,85.9,66.5,9,8.4,3.1,high,medium,100.0
5.3,87.4,66.9,5,7.3,2.8,medium,low,83.1
8.0,81.7,60.3,9,7.3,4.6,low,medium,94.6
2.2,88.6,72.5,12,8.1,3.0,high,medium,100.0
4.7,84.5,62.1,8,7.8,3.8,low,high,94.5
7.7,96.7,63.5,11,7.4,3.3,high,medium,100.0
4.5,86.7,79.0,6,6.8,5.1,low,low,79.6
2.0,93.6,87.8,9,9.4,2.5,medium,medium,97.2
7.7,89.6,76.0,2,6.1,2.6,high,medium,78.0
8.8,76.8,96.9,6,7.9,4.1,low,high,98.8
5.9,87.3,59.4,8,6.9,2.5,medium,medium,86.3
1.1,78.1,42.4,7,7.5,3.7,low,medium,72.1
7.8,87.1,80.7,5,8.5,6.5,medium,low,93.9
1.9,82.0,58.4,7,6.6,1.5,low,high,75.0
6.8,91.1,65.9,9,7.7,5.3,low,medium,99.8
3.8,77.3,43.5,8,7.3,2.3,low,high,72.9
3.1,88.1,56.5,8,6.2,5.0,medium,medium,70.4
4.9,92.6,47.5,10,8.5,4.0,high,high,89.7
5.5,95.3,63.5,7,7.9,3.9,high,medium,94.2
4.4,81.9,64.1,11,6.5,2.8,medium,low,94.3
7.5,88.1,71.3,6,8.3,2.6,high,medium,96.8
4.9,89.5,88.6,12,6.0,1.9,high,medium,100.0
8.5,100.0,80.2,11,7.0,3.0,medium,high,100.0
6.7,76.1,45.7,7,6.5,2.7,low,high,89.3
4.3,80.7,79.1,7,7.9,3.3,medium,medium,93.0
3.8,100.0,71.7,9,6.4,0.9,low,medium,86.9
1.9,85.8,68.5,9,7.9,3.0,high,high,84.3
6.7,72.9,69.7,11,7.7,4.9,medium,high,93.8
5.1,83.3,73.1,5,6.5,4.4,low,medium,78.4
0.1,65.8,59.6,9,9.2,3.0,high,medium,76.8
4.7,89.9,67.3,3,6.1,6.8,low,medium,90.4
3.7,94.5,87.8,8,5.3,2.1,high,medium,99.5
9.9,80.7,59.4,12,8.0,2.9,high,high,100.0
1.7,84.2,54.6,4,4.4,0.8,medium,medium,73.6
2.4,95.4,69.1,4,8.8,2.4,medium,low,75.1
8.8,74.0,53.0,9,7.1,5.7,low,medium,97.8
9.4,77.4,44.2,11,5.3,2.5,medium,medium,100.0
4.1,86.2,64.8,9,5.9,0.7,high,low,89.0
4.4,82.0,91.7,3,5.0,4.3,low,high,100.0
7.5,85.6,69.4,4,7.5,3.6,low,low,94.0
0.2,77.9,72.7,8,5.4,4.2,low,medium,77.1
1.3,89.7,38.0,5,7.6,2.6,medium,high,67.3
5.3,86.8,76.6,8,6.6,1.5,medium,low,91.6
9.9,92.4,71.4,8,6.4,2.7,low,medium,100.0
4.9,89.6,60.0,7,7.6,3.8,low,medium,85.7
6.3,89.7,72.7,12,7.7,2.9,high,medium,100.0
8.8,76.4,72.6,9,8.4,3.6,low,medium,100.0
11.3,91.9,54.1,11,6.2,2.2,low,medium,100.0
4.6,85.4,75.0,10,7.0,3.6,low,high,95.2
6.0,86.7,88.0,8,6.2,3.0,medium,high,93.0
10.6,96.4,66.6,8,7.2,1.9,low,low,100.0
2.2,82.2,57.0,7,6.1,3.2,low,medium,76.0
8.6,98.8,67.3,10,6.5,2.4,medium,medium,100.0
3.5,99.6,82.8,6,6.5,3.9,low,medium,98.2
6.3,94.0,51.6,12,7.4,4.3,high,medium,95.7
5.4,80.2,78.7,6,7.0,3.8,high,medium,89.0
3.6,70.5,59.8,9,7.6,0.5,medium,medium,72.9
3.5,96.6,73.6,7,6.9,1.6,medium,high,100.0
6.7,88.9,61.5,7,6.3,2.0,low,low,91.7
8.5,82.0,61.5,12,7.2,1.8,medium,low,100.0
5.7,97.4,92.8,7,5.9,2.2,low,high,100.0
6.2,81.1,48.9,7,7.7,4.4,medium,high,83.9
7.4,84.6,77.3,6,6.7,4.0,low,medium,91.9
3.6,92.2,96.0,8,7.2,2.4,medium,high,92.7
7.8,79.1,80.3,8,7.3,3.9,low,high,95.6
8.0,87.1,50.0,5,8.9,3.5,medium,medium,86.6
12.5,96.7,50.8,7,7.5,3.0,low,medium,91.6
5.1,89.7,58.7,10,7.1,4.7,low,medium,84.7
4.9,98.0,72.4,11,6.2,2.0,medium,medium,100.0
7.9,97.1,73.4,8,8.0,3.1,medium,high,100.0
8.0,88.1,50.9,8,6.7,1.4,high,high,92.6
4.7,69.3,56.9,7,5.2,1.5,low,medium,77.3
5.0,79.2,57.8,7,6.8,1.0,low,low,90.8
7.4,94.1,67.3,6,7.2,1.5,medium,high,86.3
3.9,75.6,99.8,4,6.0,3.1,low,medium,95.2
5.0,85.4,56.0,6,6.9,2.5,high,low,85.1
6.2,90.7,55.3,10,6.9,2.6,low,medium,100.0
8.5,99.8,53.0,7,6.9,2.6,high,medium,100.0
4.5,83.4,79.5,7,8.5,5.7,medium,low,87.8
1.4,82.9,69.4,7,5.4,1.3,low,medium,77.7
1.2,87.6,56.6,11,9.4,1.1,medium,high,79.8
2.9,90.8,64.6,6,7.0,1.7,medium,high,80.4
2.7,86.8,58.1,9,7.7,2.9,medium,medium,84.3
5.6,96.4,74.4,8,7.2,3.8,low,low,97.4
3.0,81.6,100.0,8,4.9,3.9,medium,medium,100.0
4.2,89.0,78.3,9,5.7,4.4,medium,medium,100.0
4.1,91.6,68.6,8,6.4,2.8,medium,medium,88.1
4.9,84.8,60.0,10,8.2,2.4,medium,medium,99.7
9.3,94.7,49.8,8,5.3,5.5,high,low,97.4
7.7,89.2,81.0,12,6.0,0.0,medium,high,100.0
6.0,94.3,80.2,8,7.2,3.1,medium,high,100.0
4.8,89.6,63.0,4,7.6,3.6,low,high,83.9
4.9,91.0,88.2,10,7.5,5.8,low,medium,98.6
6.8,82.9,70.3,9,5.8,0.5,low,medium,89.6
7.5,83.0,81.6,8,5.1,2.4,medium,medium,94.0
3.7,97.8,74.4,7,7.6,1.0,medium,medium,90.5
6.1,93.1,67.3,3,8.7,0.3,low,medium,81.0
0.9,79.8,55.7,3,6.6,2.7,medium,high,73.8
6.5,89.4,67.8,12,5.6,4.2,low,high,89.2
7.9,69.0,82.6,7,6.5,4.8,low,low,93.7
5.3,83.4,62.4,10,7.5,2.2,low,medium,96.7
10.5,95.7,76.6,4,6.7,4.0,medium,medium,97.6
3.8,87.0,53.8,5,8.7,2.7,low,medium,77.2
6.5,88.9,81.7,10,8.1,3.8,low,medium,100.0
5.9,63.9,74.7,8,7.2,4.7,medium,high,91.1
5.7,84.9,52.0,9,4.7,2.7,medium,high,92.9
5.7,90.7,66.6,8,6.2,4.6,medium,medium,96.7
6.3,91.7,84.0,7,6.3,1.2,low,high,98.5
8.1,95.7,51.1,6,6.1,4.0,low,medium,81.1
9.4,86.3,53.9,5,7.2,4.6,low,medium,91.3
6.0,86.7,69.0,12,7.3,4.4,low,medium,96.9
8.0,77.3,100.0,12,5.0,1.2,medium,medium,100.0
4.2,86.4,59.9,5,8.0,2.7,medium,low,81.6
7.9,77.9,77.4,5,7.0,3.5,high,low,92.0
4.1,73.2,73.9,7,7.4,3.7,high,medium,90.3
8.7,79.3,61.2,9,7.9,3.2,low,low,100.0
11.5,100.0,72.4,8,6.1,5.1,low,medium,100.0
5.7,85.8,63.3,9,8.5,1.1,high,high,100.0
0.5,89.8,64.6,8,6.8,2.6,low,medium,81.7
4.6,83.9,45.1,8,8.8,0.5,medium,low,80.5
9.1,73.7,69.6,12,5.9,3.9,medium,medium,100.0
7.4,95.5,83.5,7,8.7,3.8,medium,low,100.0
6.6,70.6,70.9,12,5.9,8.0,low,high,100.0
8.5,83.6,86.4,12,10.0,4.5,low,low,100.0
7.2,87.6,78.7,9,5.9,3.5,low,low,92.3
9.0,89.8,69.1,3,8.3,3.4,low,high,87.0
8.3,82.2,60.6,8,6.6,2.5,low,medium,97.1
9.8,73.3,62.7,7,7.9,3.2,medium,low,87.1
6.9,81.6,47.9,8,7.0,3.4,medium,low,89.1
8.3,82.0,66.0,5,5.7,0.1,low,medium,98.1
5.2,81.8,72.2,10,4.0,3.3,low,high,93.0
4.5,95.8,95.7,10,10.0,3.2,high,low,100.0
10.3,78.3,77.9,11,7.1,5.6,low,low,100.0
6.5,90.4,57.0,7,4.0,2.8,low,high,88.5
8.0,89.3,48.4,5,7.4,1.9,medium,medium,87.7
6.3,95.7,66.9,9,7.8,3.4,low,low,91.8
4.5,86.9,82.2,12,6.1,3.1,low,low,94.7
6.0,94.3,66.7,8,6.1,2.8,low,high,86.7
9.6,86.6,78.1,9,7.0,1.1,high,medium,100.0
7.4,91.5,67.3,7,8.4,2.8,medium,medium,100.0
1.7,76.0,80.8,7,7.1,2.1,medium,medium,74.0
5.5,66.9,46.0,10,8.8,2.7,high,medium,78.1
10.5,91.0,94.1,8,8.4,4.1,medium,high,100.0
5.5,91.4,53.3,9,6.7,2.0,low,high,86.6
1.5,91.8,81.9,9,5.1,2.7,medium,medium,92.3
10.7,83.8,65.9,9,6.7,3.8,medium,high,100.0
7.7,99.9,68.3,9,7.6,2.6,low,low,100.0
5.8,84.3,66.4,6,7.1,6.9,medium,medium,83.1
5.1,91.4,73.8,6,7.8,3.4,low,medium,88.0
8.7,92.8,76.9,8,8.0,1.1,low,low,100.0
4.6,100.0,85.9,8,7.6,1.7,low,low,98.7
8.9,85.5,91.1,7,6.7,1.6,low,low,100.0
7.4,82.8,75.0,9,7.6,1.8,high,medium,100.0
6.6,76.0,95.7,10,9.7,3.8,medium,high,100.0
6.4,100.0,71.4,11,5.2,1.3,low,low,86.6
5.6,91.4,86.2,12,7.6,2.5,medium,medium,100.0
8.6,91.6,76.4,5,9.2,4.7,medium,low,87.4
3.8,100.0,61.8,5,5.6,2.2,medium,medium,86.4
1.9,90.6,72.7,7,8.2,4.0,medium,medium,87.7
7.5,77.6,77.5,8,8.4,0.5,medium,low,100.0
7.6,86.4,69.5,7,5.2,2.4,low,medium,90.9
7.2,80.2,76.2,7,7.9,1.7,medium,low,94.8
7.0,84.8,83.0,7,6.7,3.4,medium,medium,100.0
5.2,84.8,69.6,9,6.9,1.4,high,medium,91.1
8.0,83.3,25.8,5,6.6,6.1,high,high,81.9
5.9,76.9,95.2,12,8.6,0.5,high,medium,100.0
4.8,100.0,65.5,8,6.9,4.7,low,medium,92.3
5.2,90.4,57.7,11,6.4,4.3,high,medium,100.0
11.1,86.2,53.1,7,6.5,3.5,medium,medium,100.0
1.7,94.1,65.0,9,6.6,3.1,low,medium,75.8
7.2,91.8,61.6,8,5.7,5.8,high,medium,100.0
1.8,90.2,58.9,10,6.4,6.7,high,medium,82.9
5.7,93.5,59.8,8,7.1,2.7,medium,high,98.2
4.9,89.1,77.9,12,7.5,3.2,low,medium,100.0
0.8,93.4,100.0,4,8.4,2.2,low,low,71.1
7.0,94.0,82.3,10,7.3,1.2,high,medium,100.0
5.0,89.3,86.8,8,6.4,3.7,high,high,100.0
0.8,86.2,64.3,5,5.8,3.4,low,high,71.4
8.1,100.0,71.6,12,7.4,0.6,low,medium,100.0
9.6,84.2,76.4,12,6.9,3.7,medium,medium,100.0
9.7,91.1,60.1,3,6.9,3.4,low,high,86.7
6.9,91.3,63.6,8,7.3,2.1,medium,low,100.0
6.1,83.1,82.8,10,7.6,2.0,high,medium,96.4
9.3,81.5,86.4,9,7.3,3.6,low,medium,100.0
10.2,85.2,71.0,12,6.8,5.4,medium,high,100.0
8.8,84.1,52.1,11,6.0,3.6,medium,medium,100.0
3.6,76.3,65.6,9,6.3,4.2,low,medium,84.9
6.5,82.8,48.4,12,8.0,1.8,medium,low,92.2
7.1,90.1,71.1,10,6.5,2.4,medium,low,98.1
1.5,98.1,73.8,7,5.4,3.9,medium,low,76.0
7.2,92.4,65.9,7,8.4,1.0,medium,medium,92.6
11.7,67.2,73.6,11,5.9,3.3,high,high,100.0
7.6,93.1,76.3,6,7.0,3.7,low,low,89.8
9.7,83.5,73.9,7,7.6,2.9,high,low,100.0
6.5,91.6,52.0,7,7.0,3.5,medium,high,80.9
5.8,87.9,66.2,9,4.0,3.1,low,medium,97.9
7.0,86.5,76.1,8,7.5,2.1,low,medium,90.9
4.0,87.2,93.7,5,8.6,1.2,low,low,85.4
3.6,87.8,65.9,11,7.9,2.9,medium,high,90.2
9.2,98.8,78.3,7,4.5,5.0,high,medium,100.0
9.4,87.8,83.2,12,9.6,4.5,medium,low,100.0
3.5,96.7,67.1,9,5.4,2.5,low,medium,93.1
8.4,95.5,87.2,11,5.7,2.5,low,medium,100.0
5.8,93.3,88.0,10,7.9,2.3,medium,medium,100.0
6.8,73.7,90.7,11,7.5,2.3,high,medium,100.0
7.2,96.9,76.9,9,7.1,3.4,medium,medium,100.0
8.5,84.3,100.0,9,6.3,4.6,low,medium,100.0
6.2,93.7,60.8,11,8.6,6.4,low,low,93.2
9.5,80.2,100.0,12,7.0,1.8,low,high,100.0
6.8,78.5,81.5,7,5.1,4.0,medium,low,99.0
7.6,100.0,90.1,10,8.5,3.8,low,medium,100.0
3.9,80.3,65.2,8,7.3,2.5,low,low,91.0
11.4,97.2,82.7,9,8.3,1.5,high,medium,100.0
7.2,88.9,91.4,8,7.7,3.4,medium,medium,100.0
7.8,84.6,53.7,3,9.9,6.2,high,medium,88.2
2.0,87.6,67.6,7,6.6,3.4,medium,high,87.5
3.9,77.6,37.9,10,7.0,1.8,low,medium,73.1
9.1,87.9,67.3,6,7.9,2.8,low,high,93.8
6.7,79.3,57.8,10,6.6,1.3,medium,high,99.2
1.2,84.8,66.7,8,8.0,3.0,medium,high,90.3
8.6,95.4,100.0,8,4.0,4.0,medium,medium,100.0
4.6,90.0,95.8,10,6.9,2.0,high,low,100.0
9.5,76.1,48.4,10,6.9,0.0,medium,medium,100.0
5.8,94.8,78.3,9,6.8,3.4,medium,medium,100.0
6.5,87.9,82.0,11,5.9,2.2,low,high,97.9
8.9,83.7,64.9,9,8.1,1.9,low,low,90.7
3.8,94.0,72.7,4,6.4,1.9,medium,high,81.8
3.5,86.7,74.1,7,7.2,3.6,low,low,83.1
5.5,78.7,49.8,3,7.0,2.4,high,high,78.0
8.1,100.0,54.5,10,7.6,4.4,medium,medium,100.0
2.7,87.9,72.6,10,8.7,4.4,low,low,89.6
1.8,87.3,71.5,10,7.2,2.6,medium,medium,94.4
8.1,84.8,59.4,9,8.0,2.2,medium,medium,94.2
4.5,97.4,58.1,10,7.2,3.2,low,high,100.0
5.0,83.8,68.7,4,6.4,2.8,medium,medium,88.3
1.4,75.6,83.3,8,6.8,0.4,medium,medium,89.9
4.3,82.6,68.9,4,6.7,5.9,medium,medium,77.7
6.0,98.6,94.3,7,7.7,4.1,low,medium,100.0
8.3,94.7,59.6,12,7.1,2.3,medium,low,100.0
4.1,86.0,72.9,11,6.0,0.1,medium,high,96.4
10.1,99.0,64.7,10,6.7,2.7,low,medium,100.0
4.3,94.0,78.8,8,5.2,2.1,low,high,90.3
4.3,85.9,58.3,6,6.8,2.9,medium,high,78.5
9.8,86.7,98.9,8,7.0,0.0,low,low,100.0
6.5,90.6,44.6,11,9.2,2.3,high,medium,100.0
4.6,81.3,95.7,9,8.6,2.4,low,medium,91.2
5.6,88.0,71.3,4,5.8,2.7,medium,low,77.9
9.4,90.5,78.3,8,7.2,2.6,high,low,100.0
9.7,74.5,90.0,3,7.3,3.1,low,high,96.1
4.0,86.5,82.9,10,6.7,5.3,medium,medium,96.6
5.9,85.6,59.0,6,6.8,2.2,low,medium,87.7
6.2,96.2,79.0,5,6.6,1.6,medium,medium,100.0
3.5,73.2,98.0,10,9.2,0.4,high,low,100.0
5.9,84.9,56.7,9,6.5,2.2,high,medium,98.6
6.0,84.1,100.0,9,7.4,0.9,medium,medium,97.7
8.9,95.7,75.8,12,4.0,4.4,high,high,100.0
9.0,87.7,63.5,10,8.0,2.9,high,medium,100.0
5.2,100.0,56.6,6,8.4,4.4,low,low,98.6
5.5,93.3,66.7,9,5.7,5.2,high,medium,91.9
7.7,84.7,40.7,7,6.4,1.7,low,medium,76.9
4.5,89.9,63.8,11,7.5,2.5,high,low,98.8
7.5,85.2,66.1,9,7.0,5.0,high,low,98.4
5.8,94.9,53.9,9,7.6,3.3,medium,low,86.6
3.6,77.3,81.2,4,6.7,3.8,low,high,76.8
3.6,81.4,66.7,8,9.2,4.5,high,high,89.6
9.6,91.6,60.5,8,6.2,4.3,low,medium,100.0
5.6,97.8,65.1,5,10.0,3.6,medium,low,89.3
10.1,70.4,75.3,7,8.5,5.1,medium,medium,100.0
4.7,99.0,71.1,9,8.0,2.9,low,medium,97.3
6.7,86.9,59.5,8,5.8,3.8,low,medium,94.0
12.0,72.9,71.9,4,8.1,2.7,low,medium,100.0
3.4,64.0,69.2,7,7.7,4.5,high,low,78.2
1.3,75.8,52.9,7,4.5,1.9,high,low,73.1
9.2,87.8,65.7,8,5.3,0.5,high,medium,95.6
3.9,87.5,78.7,8,7.4,4.0,medium,medium,91.1
5.9,93.1,78.6,7,6.8,1.5,medium,medium,95.5
4.5,83.6,66.6,7,6.4,1.3,medium,high,90.5
6.7,79.1,80.2,8,8.3,4.9,medium,medium,100.0
3.6,84.7,55.3,10,5.9,4.4,high,high,85.5
5.6,88.3,55.8,9,6.5,2.5,low,medium,82.8
7.1,89.8,66.2,12,6.2,0.0,high,high,100.0
3.5,81.7,92.5,11,7.6,3.8,high,medium,95.2
4.2,95.2,72.4,12,4.9,4.0,medium,high,100.0
5.1,83.0,65.9,11,6.4,3.8,high,medium,97.0
2.4,81.0,93.2,12,4.9,3.7,high,medium,94.4
4.9,83.7,65.7,5,6.6,2.7,low,medium,75.5
6.3,96.6,100.0,10,7.9,2.4,low,medium,100.0
5.0,86.9,62.3,11,7.9,1.3,medium,medium,98.2
5.3,82.4,54.8,11,6.1,2.0,medium,high,89.5
6.0,95.4,67.5,6,7.6,3.5,low,medium,91.6
4.4,100.0,66.3,10,6.8,3.5,medium,medium,89.7
7.7,89.7,57.9,8,8.6,4.2,medium,medium,95.8
9.6,97.9,100.0,12,6.8,0.9,medium,high,100.0
4.8,96.3,74.8,5,4.0,0.5,low,high,100.0
7.2,83.2,77.0,6,8.1,2.4,low,medium,94.7
5.4,88.2,63.1,3,6.4,1.5,high,low,84.2
6.9,77.7,61.3,8,6.7,3.3,low,high,94.9
9.9,86.4,85.4,12,7.4,1.0,medium,high,100.0
7.3,83.0,44.9,8,5.3,4.8,medium,high,80.2
1.6,84.8,52.9,8,7.1,1.8,high,medium,65.2
7.1,82.0,66.3,9,7.6,5.4,high,low,100.0
9.1,85.7,90.3,8,7.4,3.8,high,high,100.0
5.4,92.3,64.4,9,6.3,1.4,medium,low,98.6
8.5,87.0,76.2,9,8.2,6.1,low,low,100.0
4.3,73.1,70.4,6,5.8,3.4,low,medium,79.8
2.3,82.0,89.4,8,6.2,3.2,medium,medium,88.8
6.4,75.8,46.2,10,6.8,2.9,low,high,94.0
1.6,90.0,81.0,10,7.4,3.7,low,medium,94.7
5.4,92.0,67.0,11,6.6,3.8,low,low,97.4
9.2,90.1,83.9,9,8.5,1.7,low,medium,100.0
1.2,81.7,57.7,9,7.4,2.7,medium,high,84.4
2.8,90.0,70.4,10,7.1,3.2,high,high,95.1
3.4,84.2,68.5,7,7.3,3.9,low,low,83.9
5.8,78.9,55.0,6,7.9,3.9,low,medium,89.0
5.1,93.9,50.8,8,7.3,3.2,medium,low,75.1
9.5,94.5,61.3,5,4.8,2.2,low,high,93.3
8.4,95.6,71.9,9,8.3,2.1,high,medium,100.0
7.2,83.1,58.6,11,7.1,1.2,medium,medium,94.7
6.4,97.4,65.0,6,7.8,3.9,low,medium,86.7
7.0,84.1,41.7,9,6.5,2.1,medium,high,84.7
3.8,93.2,64.4,6,4.8,2.7,medium,high,79.4
8.1,83.9,85.4,5,4.3,3.4,medium,medium,100.0
3.2,86.2,80.6,12,5.9,3.0,low,low,98.3
8.1,68.6,68.7,5,7.6,3.0,low,medium,90.7
9.0,85.6,73.7,5,8.6,1.6,low,high,88.1
6.5,88.7,57.6,9,7.4,3.4,medium,medium,100.0
5.6,84.7,94.4,9,5.7,2.5,low,high,100.0
7.0,100.0,100.0,10,6.1,2.9,low,medium,100.0
0.0,78.7,72.5,12,8.6,4.7,medium,medium,92.7
6.8,83.5,100.0,6,5.4,3.8,medium,low,99.1
5.7,80.8,59.8,7,9.5,2.1,low,medium,99.3
5.9,83.5,51.2,12,9.3,2.8,high,low,99.9
7.8,96.3,59.4,10,9.6,5.4,medium,medium,100.0
5.8,99.8,66.7,10,7.5,2.5,high,medium,100.0
3.1,82.4,100.0,7,6.6,3.1,low,high,100.0
5.6,82.2,65.8,11,7.4,4.0,medium,medium,93.9
6.2,78.7,57.1,10,8.1,3.3,medium,low,88.7
6.3,98.5,56.5,8,6.2,2.4,medium,low,88.4
6.4,97.0,87.1,7,5.7,1.9,low,medium,96.2
8.6,87.2,85.0,8,6.7,3.0,low,medium,100.0
3.3,76.8,62.7,12,6.1,4.0,high,medium,100.0
6.4,77.5,41.9,5,8.5,5.0,high,medium,86.2
9.2,89.4,53.1,6,6.3,0.8,low,high,94.8
1.7,92.4,95.8,6,7.1,5.6,low,medium,88.9
6.4,71.5,80.3,7,8.2,2.6,low,medium,90.5
4.5,85.4,71.0,8,8.5,4.4,medium,low,88.6
5.1,100.0,98.0,10,7.3,1.9,low,low,100.0
3.7,86.3,99.4,9,7.5,0.6,medium,medium,100.0
5.6,99.9,69.5,8,5.8,1.0,low,medium,100.0
10.6,93.2,69.7,9,8.2,2.5,medium,high,100.0
2.8,79.3,61.3,10,8.5,3.8,high,medium,82.7
3.1,85.7,65.7,4,4.8,3.0,low,medium,74.6
2.7,87.0,47.7,11,9.1,2.6,high,high,83.1
10.3,80.4,47.6,6,6.2,4.7,high,high,100.0
4.8,80.2,44.2,7,7.7,3.0,medium,medium,73.9
5.9,100.0,86.3,9,7.1,3.4,low,medium,100.0
5.0,80.2,46.6,8,6.9,7.7,medium,medium,85.6
3.6,96.6,99.2,9,6.8,3.0,low,medium,100.0
5.4,84.5,59.0,8,5.8,2.0,high,low,86.7
12.1,87.8,96.1,7,7.6,3.7,medium,medium,100.0
9.5,92.5,64.5,12,6.7,4.1,medium,low,100.0
3.9,83.2,46.5,10,5.4,3.5,medium,medium,84.8
7.6,92.5,89.3,9,5.8,3.2,low,medium,100.0
3.9,71.6,91.0,10,5.4,5.2,medium,low,97.0
1.6,91.5,56.4,6,6.4,5.0,high,medium,77.7
8.5,68.3,65.0,12,7.6,2.8,low,low,100.0
8.9,86.2,56.4,5,6.1,2.0,low,high,87.0
8.6,94.8,68.2,8,8.2,3.6,high,high,100.0
4.8,93.0,71.6,7,6.9,2.0,low,medium,83.2
5.6,77.6,64.7,7,6.7,4.3,high,low,86.6
7.9,78.6,42.7,7,7.0,3.6,low,high,82.6
7.0,82.5,61.3,6,8.7,7.0,medium,high,98.3
5.0,89.5,80.6,11,5.4,5.2,medium,high,100.0
2.0,71.7,66.9,5,9.0,1.4,low,medium,71.6
6.3,87.9,65.1,10,8.2,2.2,low,low,93.1
8.7,90.5,56.0,10,7.0,0.1,low,high,100.0
3.0,85.7,60.8,7,8.4,0.0,medium,medium,95.0
7.6,92.2,91.1,9,6.6,3.2,low,medium,89.4
6.8,89.8,52.9,8,7.3,1.2,low,high,91.4
7.9,83.7,80.8,5,6.4,5.5,medium,medium,100.0
8.2,72.5,70.7,5,8.2,4.7,high,low,89.1
4.3,89.1,73.7,10,6.2,2.6,low,high,99.4
2.0,80.4,59.0,10,6.9,2.5,medium,medium,88.6
4.7,83.4,64.7,9,7.8,5.2,high,low,88.9
8.2,91.8,69.9,7,8.3,5.6,medium,low,95.5
4.6,99.3,62.2,8,6.0,1.6,high,medium,98.0
4.3,87.7,75.0,7,7.9,1.4,medium,medium,95.2
1.4,92.4,76.9,4,5.8,2.5,medium,low,75.8
10.4,76.4,100.0,8,4.4,3.6,medium,medium,100.0
8.1,90.0,74.2,9,6.1,2.2,low,medium,100.0
7.9,87.5,41.3,8,8.0,3.7,medium,medium,89.6
8.4,97.8,87.4,12,7.0,5.9,medium,high,100.0
7.4,83.7,66.9,5,6.4,0.9,low,medium,93.0
5.4,86.1,100.0,6,7.1,2.3,medium,high,100.0
5.6,96.5,92.1,8,7.0,0.9,medium,medium,100.0
4.9,87.3,62.4,9,7.7,1.7,low,low,82.3
12.6,79.1,80.8,3,5.1,2.6,medium,low,99.3
7.4,100.0,61.1,10,6.9,1.9,low,high,100.0
4.8,79.4,70.0,9,7.1,3.8,low,low,82.0
7.2,87.5,80.1,3,5.4,3.2,medium,low,93.2
3.5,90.8,86.7,8,5.3,3.4,low,medium,94.5
9.8,90.1,83.4,6,6.6,2.5,medium,medium,100.0
4.3,86.5,71.1,7,7.0,2.7,low,medium,91.7
7.3,86.5,100.0,5,7.0,2.5,high,low,100.0
8.7,86.1,64.5,9,6.3,2.6,high,medium,100.0
7.0,79.1,45.9,12,6.3,3.6,low,high,95.4
6.2,100.0,48.8,9,6.5,0.1,low,high,100.0
6.0,86.2,92.1,3,7.4,3.4,low,high,94.9
5.9,92.8,68.9,9,8.5,1.7,low,medium,97.1
4.6,85.3,72.4,8,4.3,2.5,medium,low,85.1
4.9,85.2,61.9,5,7.7,0.7,medium,low,82.9
9.7,84.4,63.2,9,6.9,2.5,medium,high,97.7
5.7,75.6,58.2,10,7.6,3.4,high,medium,91.0
4.0,86.7,77.1,6,8.4,3.7,high,medium,86.9
4.7,84.7,68.5,4,6.1,1.2,medium,medium,76.2
8.8,97.4,76.5,3,8.1,3.6,medium,medium,100.0
7.7,78.4,75.1,6,5.5,4.7,medium,medium,94.1
7.4,83.4,63.6,8,7.2,2.3,medium,medium,89.9
5.4,80.8,48.1,7,6.7,3.0,low,medium,78.1
7.4,99.5,46.8,6,7.1,0.0,low,low,85.3
4.4,81.0,100.0,9,5.8,1.7,low,low,100.0
5.4,92.5,92.2,9,7.5,3.4,low,low,94.8
8.4,95.8,90.1,8,8.9,4.4,medium,high,100.0
8.2,86.8,59.9,10,5.8,2.1,medium,high,92.7
3.5,77.0,70.1,6,7.2,7.0,low,high,78.6
3.9,77.1,57.8,5,8.0,3.5,high,high,77.1
6.3,94.9,50.3,7,6.6,1.1,low,low,78.1
10.3,77.9,61.2,7,8.6,4.9,high,low,100.0
1.2,91.1,89.9,3,6.5,1.1,low,low,89.6
6.7,88.9,82.6,7,6.9,3.5,low,low,100.0
2.6,91.0,55.4,11,5.8,1.6,low,medium,81.8
4.4,91.8,65.3,10,7.2,1.0,low,low,93.1
5.1,80.5,81.2,9,7.0,4.4,low,high,98.6
4.9,80.2,61.4,8,7.8,2.6,medium,medium,84.8
4.7,93.7,71.2,12,6.2,5.6,low,low,100.0
6.0,83.0,76.0,5,6.2,1.5,low,high,100.0
4.7,66.0,75.9,6,7.6,0.7,low,high,75.7
2.3,93.2,73.8,11,8.7,2.3,medium,medium,100.0
7.9,79.7,60.2,8,7.8,7.3,medium,low,89.2
7.9,91.7,61.7,6,9.2,4.3,low,medium,94.2
8.1,99.1,53.0,9,7.7,3.8,low,medium,100.0
2.1,88.1,46.6,7,7.6,3.9,medium,medium,84.2
6.7,96.0,68.3,6,7.8,2.3,medium,medium,97.3
7.7,89.2,82.2,6,8.8,7.1,medium,high,100.0
3.4,100.0,49.3,9,8.5,3.7,medium,medium,92.5
6.0,79.5,74.1,9,5.7,3.5,low,high,100.0
5.7,87.9,81.8,12,8.0,4.5,medium,low,100.0
10.6,93.4,42.4,7,7.3,1.1,medium,high,100.0
10.8,86.5,65.9,7,6.8,1.7,medium,low,98.0
1.8,97.2,94.7,12,4.9,2.6,low,high,93.3
12.2,84.5,78.3,10,5.2,4.5,medium,high,100.0
3.7,100.0,41.9,8,6.6,1.1,medium,medium,76.1
8.5,100.0,79.9,4,5.2,2.9,medium,low,94.3
8.4,90.3,58.8,6,6.6,2.7,medium,high,93.2
3.5,92.4,80.4,5,7.9,0.6,medium,high,89.2
7.2,97.5,59.6,8,6.3,2.2,low,high,93.3
5.7,78.5,69.2,7,7.1,3.8,low,medium,90.9
7.4,77.5,61.9,12,5.7,0.8,low,low,99.1
6.6,98.1,70.0,4,7.4,5.1,medium,medium,96.1
9.0,90.2,61.5,5,7.6,3.7,medium,medium,98.3
6.2,86.2,66.6,9,5.3,3.5,medium,low,89.0
5.6,88.1,52.4,9,6.1,3.0,medium,low,84.5
8.7,68.9,77.4,2,5.5,1.4,medium,high,93.7
7.5,86.5,72.6,4,7.6,2.0,medium,medium,88.4
7.8,82.0,45.8,7,7.2,3.5,low,medium,83.1
4.3,95.3,84.9,11,6.9,2.0,low,high,100.0
3.4,96.0,67.4,12,6.8,3.3,low,medium,96.9
4.6,92.6,72.4,7,7.4,1.7,medium,medium,89.5
4.4,91.2,81.5,8,7.4,3.7,low,high,94.6
8.0,76.0,74.9,6,6.4,3.8,low,high,100.0
8.4,92.7,87.5,10,6.2,0.6,low,low,100.0
5.6,93.0,65.6,12,6.9,3.1,medium,medium,100.0
9.6,98.0,85.5,11,6.8,0.7,high,medium,100.0
9.4,100.0,71.8,8,9.5,0.2,high,low,100.0
6.6,74.5,77.6,6,6.5,2.1,low,low,87.0
3.9,84.9,76.1,8,7.3,7.2,medium,low,84.7
9.9,82.1,88.6,11,7.6,4.2,low,medium,100.0
5.8,89.4,80.8,7,8.7,5.1,medium,low,100.0
6.3,88.1,63.4,3,6.0,3.9,low,high,92.0
5.2,86.1,60.4,7,8.6,3.3,low,medium,81.3
3.8,96.2,69.3,7,6.8,4.3,medium,medium,84.8
2.3,79.2,58.6,3,10.0,2.0,medium,high,79.1
7.6,79.7,54.2,9,7.4,3.7,high,medium,91.7
4.0,79.8,38.1,9,5.5,4.8,low,high,80.6
13.6,85.1,46.8,12,6.8,4.0,high,high,100.0
3.3,78.2,99.8,5,8.6,4.9,low,high,97.0
2.9,87.6,60.2,10,7.1,3.3,low,high,80.0
7.3,86.7,98.6,10,6.9,5.5,medium,medium,100.0
9.8,81.7,76.0,9,7.9,2.7,medium,medium,96.4
6.2,95.0,69.3,5,6.6,6.2,high,medium,99.7
7.4,87.5,47.5,5,6.7,3.9,medium,medium,84.0
1.4,96.5,70.1,8,5.9,2.4,medium,high,90.5
4.3,86.4,98.4,8,9.1,1.2,low,medium,100.0
3.3,87.8,93.4,7,5.5,1.8,high,low,83.5
1.3,83.5,74.1,11,7.2,1.6,medium,medium,98.7
6.3,87.9,52.8,7,7.6,2.9,medium,medium,89.8
0.4,93.7,55.6,3,7.0,1.1,medium,medium,72.4
2.7,84.7,57.2,7,5.5,4.9,low,medium,72.6
4.7,92.1,89.2,9,5.8,3.2,high,high,100.0
3.9,81.5,94.5,9,7.6,3.1,medium,medium,92.5
7.0,94.1,72.9,9,6.1,1.3,high,high,100.0
6.8,83.4,65.5,12,4.5,1.8,medium,high,95.4
8.2,94.8,93.2,5,7.5,0.0,medium,low,100.0
7.9,88.5,55.3,7,6.0,5.4,medium,medium,94.8
8.9,100.0,70.8,12,7.8,0.9,medium,high,100.0
6.0,78.8,76.9,3,6.8,1.0,low,high,84.8
6.8,76.2,57.1,8,6.7,5.1,medium,low,88.4
7.3,83.1,60.5,11,7.1,3.6,medium,medium,100.0
6.4,76.9,59.3,11,5.6,3.2,high,medium,88.9
5.0,76.9,91.3,10,6.0,3.5,high,medium,98.4
5.2,93.0,98.7,10,6.7,4.4,low,low,100.0
4.0,88.0,71.7,5,5.6,3.1,low,medium,82.1
7.1,84.2,66.0,11,7.9,0.7,low,medium,97.5
5.8,84.9,61.0,5,6.6,4.1,medium,medium,80.1
4.3,83.2,70.0,5,5.3,3.6,high,low,75.1
4.3,100.0,61.7,9,6.3,4.8,medium,medium,81.1
3.0,82.1,68.5,7,7.1,1.1,high,high,77.0
8.4,77.4,76.2,9,6.5,1.9,medium,medium,100.0
6.2,94.4,63.9,9,7.5,3.6,medium,high,100.0
3.8,86.3,67.2,12,7.7,1.6,high,high,100.0
8.0,100.0,67.2,9,9.9,0.0,low,low,100.0
4.6,83.8,65.2,6,8.4,3.3,medium,low,77.3
2.5,94.8,63.4,10,5.0,4.3,low,medium,86.2
8.6,96.7,81.4,6,6.6,2.8,low,medium,100.0
4.7,83.8,43.4,10,6.7,3.8,medium,high,92.6
5.0,82.1,93.6,8,7.7,3.6,low,low,100.0
6.1,93.9,72.0,9,5.9,3.0,medium,low,100.0
8.9,92.6,79.2,4,6.4,3.2,low,high,99.6
6.1,76.7,80.9,2,5.5,5.0,low,high,89.2
3.0,79.0,59.4,4,6.3,1.6,low,medium,64.6
7.4,67.7,56.3,12,6.3,4.2,high,medium,84.5
4.8,92.8,54.5,5,6.6,1.2,medium,high,96.0
10.7,85.9,66.3,10,5.6,1.8,medium,medium,100.0
6.0,86.7,80.5,6,8.2,4.8,medium,high,100.0
0.4,74.5,61.2,7,7.6,1.2,low,high,57.4
6.9,79.2,79.1,8,5.3,2.6,medium,medium,100.0
10.9,84.2,34.5,12,7.0,6.5,low,medium,100.0
9.9,82.6,64.2,9,5.1,4.5,low,high,94.0
10.6,88.9,87.5,9,8.6,1.9,medium,medium,100.0
3.5,92.7,67.4,11,8.9,2.2,medium,low,97.4
8.3,100.0,57.6,6,6.9,2.7,high,medium,90.9
4.2,87.8,60.1,11,6.0,5.0,low,medium,93.1
6.6,96.9,24.6,10,6.2,1.5,medium,low,89.3
2.8,81.4,54.8,10,6.5,1.4,medium,medium,85.2
4.4,74.6,85.9,8,6.9,4.1,medium,low,81.4
4.3,85.2,61.3,7,8.6,0.5,high,low,80.1
8.2,75.2,63.0,6,8.1,1.6,medium,low,88.4
8.0,88.1,35.0,6,8.2,2.9,low,medium,81.1
6.7,81.8,45.5,6,7.2,2.9,medium,high,81.7
2.6,72.4,87.9,9,5.6,1.0,medium,medium,88.3
5.2,100.0,79.3,7,6.1,3.5,high,high,91.9
4.1,83.7,50.5,9,7.1,3.8,medium,low,86.7
8.2,74.9,60.5,9,5.6,2.0,high,medium,99.9
8.9,95.2,69.6,5,7.4,5.5,low,medium,100.0
8.6,82.2,52.1,5,8.0,3.5,medium,high,93.2
4.1,96.7,39.9,7,7.7,1.5,low,medium,78.1
0.0,82.1,67.6,6,7.6,5.4,medium,high,72.8
1.6,83.7,78.6,6,4.8,2.2,high,medium,75.7
9.6,90.8,78.9,12,8.6,3.3,medium,high,100.0
5.0,92.7,83.1,4,5.1,2.3,medium,high,91.9
4.1,94.1,46.7,12,6.8,3.9,low,high,82.1
10.1,87.3,70.9,9,7.7,2.3,low,medium,100.0
9.2,92.2,66.0,10,7.4,2.4,medium,low,93.8
6.1,94.0,68.7,10,5.5,2.8,medium,medium,100.0
5.3,89.6,66.8,10,5.7,2.2,low,medium,94.4
5.7,86.9,60.1,12,7.3,4.6,medium,high,97.4
6.6,76.4,24.7,5,7.6,1.1,medium,low,62.8
10.0,92.8,87.4,8,5.7,2.9,low,medium,100.0
7.1,88.3,74.9,6,7.5,3.1,low,low,92.8
7.8,84.7,47.7,4,5.2,2.8,low,medium,67.1
8.9,98.2,77.1,6,7.7,4.5,medium,low,100.0
3.1,76.6,63.3,12,5.9,0.7,high,high,87.3
7.9,100.0,63.7,8,7.1,3.9,medium,low,90.5
5.3,87.8,58.5,12,6.9,1.1,low,medium,100.0
0.0,90.5,78.1,12,8.4,2.2,high,low,100.0
0.7,84.8,58.0,12,7.3,1.0,low,low,79.1
3.5,74.7,53.5,12,6.3,2.5,medium,medium,78.2
7.3,86.9,87.0,12,7.4,2.1,medium,low,100.0
6.3,90.7,67.3,9,9.6,5.5,high,medium,99.4
6.5,93.4,67.8,9,7.9,3.4,medium,low,100.0
10.9,86.4,80.4,9,6.9,3.7,low,medium,100.0
2.8,70.5,60.0,8,6.0,1.3,low,high,79.2
5.9,75.7,63.0,8,6.3,4.1,low,high,93.6
6.8,100.0,74.6,10,7.8,5.5,low,low,100.0
4.2,79.3,46.9,7,5.9,4.3,low,medium,69.3
6.1,99.4,73.3,5,7.0,1.0,medium,low,82.4
2.0,80.5,58.7,9,8.7,2.3,medium,medium,84.1
9.5,86.5,82.8,6,7.2,3.2,low,high,100.0
4.3,93.0,78.2,7,5.7,2.1,medium,low,86.6
11.1,81.4,76.2,8,9.6,6.8,high,medium,100.0
5.9,100.0,45.9,7,9.1,2.3,medium,high,89.1
8.6,88.6,68.4,11,7.6,2.9,medium,medium,100.0
5.9,91.7,52.3,8,8.5,2.1,medium,low,86.5
5.9,85.9,69.4,11,6.7,3.3,medium,high,100.0
4.5,93.3,35.3,9,7.9,5.1,medium,low,82.3
6.3,100.0,46.9,8,6.5,3.2,high,high,93.2
6.8,86.9,87.8,8,5.4,2.7,low,low,100.0
4.0,100.0,75.5,5,10.0,1.4,low,high,86.7
5.7,83.1,64.7,9,5.3,4.8,medium,high,79.6
4.5,94.1,56.4,10,7.4,2.8,low,medium,88.4
11.7,91.9,53.7,10,7.3,2.7,low,high,100.0
5.8,79.5,73.0,5,7.6,0.0,low,low,87.5
9.9,89.7,64.8,4,6.9,2.8,medium,high,96.8
5.5,88.1,93.2,7,6.9,2.4,medium,medium,97.9
6.6,81.2,67.2,11,7.2,0.3,high,low,83.3
2.7,90.9,70.9,9,7.6,4.5,low,medium,92.2
4.9,89.2,49.2,6,7.0,2.2,medium,low,80.0
6.5,87.4,64.6,4,6.9,5.8,low,medium,90.9
10.0,87.5,72.7,6,5.4,5.1,low,medium,100.0
6.6,87.3,64.4,6,9.4,1.9,medium,medium,99.9
9.5,85.1,62.7,10,7.6,5.1,low,high,100.0
7.6,89.1,74.9,11,7.3,5.4,medium,high,100.0
10.1,82.8,92.7,5,6.3,2.2,medium,medium,100.0
5.9,100.0,72.2,10,5.8,1.5,medium,medium,100.0
12.0,76.7,87.2,10,8.0,0.0,medium,low,100.0
4.8,83.3,79.3,5,6.8,3.6,high,high,95.5
4.1,84.0,86.3,8,7.7,1.5,low,high,98.8
3.0,100.0,60.9,9,5.4,3.6,high,high,90.7
11.8,77.4,66.9,8,8.9,2.1,low,high,100.0
8.0,91.4,67.0,4,8.1,1.8,medium,medium,82.8
5.2,90.0,78.2,8,6.9,2.2,high,low,94.0
9.1,90.7,81.9,10,7.6,1.1,low,medium,100.0
7.7,97.9,71.9,12,7.9,2.2,high,low,100.0
10.9,97.7,83.2,6,5.4,1.9,medium,medium,100.0
2.1,84.4,61.6,7,9.0,3.0,high,medium,90.9
5.3,89.6,83.3,7,7.6,3.2,low,medium,97.3
4.8,73.1,85.2,9,6.2,1.4,medium,medium,89.7
1.1,88.8,80.2,8,5.7,4.7,low,low,90.7
8.7,81.6,72.0,10,8.2,2.8,low,medium,100.0
5.3,86.5,80.7,5,7.3,5.3,medium,medium,90.8
7.8,74.5,56.6,9,7.6,3.4,medium,low,79.3
11.9,91.2,73.0,6,7.0,3.1,medium,medium,100.0
5.1,74.4,74.5,8,5.8,2.3,medium,low,91.1
4.9,89.2,50.1,12,7.6,3.9,medium,medium,91.2
6.3,78.2,77.1,5,6.8,3.1,medium,medium,81.1
8.5,81.2,51.3,7,7.0,4.3,low,low,84.7
4.6,97.2,63.6,5,9.9,5.4,medium,medium,84.8
4.4,92.7,70.6,8,8.0,1.9,medium,medium,93.4
8.6,97.2,59.0,11,8.1,3.9,low,high,100.0
6.9,100.0,71.2,8,10.0,3.9,medium,low,100.0
0.9,81.8,71.0,8,7.5,3.7,low,medium,81.9
2.9,100.0,57.7,11,7.1,2.4,medium,low,80.8
9.8,76.3,78.5,9,6.2,2.4,low,low,100.0
7.0,94.0,58.5,10,6.5,2.1,medium,medium,98.4
4.1,84.1,100.0,10,4.5,2.1,medium,medium,100.0
5.6,80.6,68.4,1,7.9,1.7,high,medium,79.1
6.0,92.9,52.4,8,5.5,2.8,medium,high,88.9
7.8,95.6,55.2,5,8.1,1.9,high,high,100.0
2.6,95.3,87.2,6,6.9,3.7,medium,high,87.4
3.9,89.7,63.9,12,7.2,3.1,low,low,97.5
6.7,89.1,49.5,7,6.9,3.3,low,low,84.7
5.8,92.2,82.8,12,8.7,2.6,low,medium,100.0
7.4,90.4,63.8,4,8.5,3.1,low,medium,86.7
2.9,92.3,79.8,5,7.0,2.6,medium,medium,95.6
6.9,89.6,84.0,10,5.9,4.2,low,medium,100.0
8.7,94.7,74.1,7,8.1,2.3,high,high,100.0
7.2,75.0,100.0,9,5.8,3.6,low,medium,100.0
6.3,86.9,44.1,8,5.1,1.0,low,high,86.2
5.8,76.9,57.7,8,7.6,4.1,medium,high,82.1
3.9,90.2,66.2,7,8.5,2.2,high,medium,81.8
5.8,100.0,100.0,8,6.5,1.6,high,low,100.0
9.1,84.2,97.0,10,7.5,1.3,high,medium,100.0
5.7,89.0,89.3,12,6.5,1.2,high,medium,100.0
3.8,94.1,58.1,7,7.9,2.3,low,high,98.6
4.8,71.5,59.8,7,8.3,5.2,medium,high,78.3
6.5,83.8,57.6,7,6.7,2.0,low,low,69.4
5.1,90.9,58.2,12,5.8,0.0,high,low,84.5
7.2,64.8,92.4,10,5.3,3.5,low,high,100.0
7.3,80.2,66.3,3,8.1,1.3,medium,medium,87.2
8.2,96.8,68.3,3,5.6,4.2,low,high,100.0
9.6,96.0,81.6,6,7.4,2.4,high,medium,100.0
8.5,91.0,45.0,9,7.9,2.6,low,low,76.3
3.7,95.1,70.8,8,6.4,4.8,high,medium,100.0
3.7,89.7,53.5,9,6.8,3.9,high,low,83.6
5.8,92.4,65.6,8,8.2,1.1,low,medium,100.0
4.9,85.5,61.2,11,6.0,1.4,medium,low,95.6
3.2,88.9,60.4,10,5.9,0.3,low,medium,86.5
4.9,82.9,73.4,8,6.7,6.9,medium,high,93.2
4.8,98.1,73.3,11,8.5,1.7,low,low,94.4
4.3,100.0,66.7,4,8.9,4.8,medium,high,81.4
5.2,99.0,75.6,8,6.9,2.2,low,low,94.4
8.9,84.7,57.0,8,6.1,1.4,medium,medium,88.1
6.5,80.4,80.2,10,8.3,3.0,medium,low,100.0
12.2,98.2,66.9,4,5.0,2.5,low,high,100.0
6.4,92.4,62.7,7,7.3,4.2,low,low,100.0
5.3,90.6,58.1,9,6.9,4.2,low,medium,87.9
6.0,82.9,66.4,9,8.6,2.1,low,high,93.9
6.6,91.4,98.1,11,8.7,0.8,high,low,100.0
7.1,79.3,69.1,10,5.9,1.2,low,high,97.3
11.2,93.1,52.8,8,7.2,0.0,medium,medium,100.0
3.9,99.0,83.8,10,6.3,2.6,high,medium,100.0
8.1,100.0,62.9,7,6.6,3.0,low,low,100.0
6.5,93.7,74.3,8,7.7,1.3,medium,high,100.0
2.1,76.9,60.9,10,6.6,1.1,high,high,91.1
7.9,89.6,89.2,8,7.2,3.0,medium,low,100.0
9.2,100.0,61.1,9,8.1,2.1,low,high,100.0
3.9,81.1,91.0,10,8.8,2.7,medium,high,100.0
6.0,87.5,54.3,10,7.3,2.4,high,medium,91.1
1.7,99.3,65.6,11,7.1,3.4,medium,high,91.6
2.9,92.9,91.0,12,5.7,2.2,medium,low,100.0
8.6,100.0,72.5,10,8.9,2.3,medium,medium,100.0
4.8,82.1,100.0,7,7.6,0.2,medium,high,100.0
3.2,80.1,66.0,9,7.2,2.9,low,high,88.2
6.6,97.8,73.9,9,7.1,3.1,high,medium,100.0
4.7,78.4,98.6,10,7.4,2.7,low,medium,100.0
4.8,86.4,47.3,12,7.9,5.9,high,low,84.3
7.8,87.5,45.4,4,8.1,3.2,low,low,84.5
3.1,96.3,58.1,12,8.9,2.8,medium,low,87.3
3.7,92.9,82.2,12,7.3,3.7,high,low,100.0
6.4,91.7,45.9,9,9.1,6.2,medium,medium,90.3
8.4,84.8,79.0,9,8.3,3.4,low,medium,100.0
9.1,97.7,77.9,7,6.9,0.0,medium,high,100.0
4.3,100.0,100.0,8,5.0,3.6,low,high,99.8
8.3,93.5,85.7,10,7.1,1.7,low,medium,100.0
4.0,88.8,75.5,10,8.9,0.1,medium,low,91.0
10.6,77.6,90.4,10,6.1,5.5,high,high,100.0
3.2,82.9,78.1,10,7.1,5.2,high,low,100.0
9.3,86.3,63.1,10,7.2,1.6,medium,medium,100.0
4.4,83.7,52.8,10,8.1,1.7,medium,low,85.6
11.0,87.9,61.5,5,6.5,3.2,low,high,97.4
7.5,100.0,69.4,10,6.0,1.7,low,medium,100.0
3.5,98.0,72.6,12,7.7,2.8,medium,high,100.0
4.7,86.7,38.0,8,6.1,1.9,medium,high,85.4
8.0,78.3,66.7,12,4.8,2.4,medium,high,99.6
8.6,98.7,70.4,6,9.2,0.9,low,high,100.0
5.8,87.6,78.2,8,8.1,4.2,low,medium,100.0
6.1,74.2,94.4,6,9.3,4.8,low,high,100.0
7.9,93.7,72.8,11,8.0,2.8,medium,low,100.0
6.3,96.2,56.4,12,7.8,2.9,low,high,100.0
2.8,68.6,42.7,8,7.4,3.9,medium,low,67.8
4.0,81.4,80.3,11,6.8,3.0,medium,medium,100.0
6.6,87.1,57.0,12,7.6,5.6,low,medium,98.4
9.0,93.9,83.0,8,6.3,1.0,low,high,100.0
10.0,83.9,91.0,8,5.7,4.3,medium,medium,100.0
7.9,81.3,46.8,10,6.6,2.8,low,medium,91.6
6.7,93.8,78.3,6,8.5,1.3,medium,medium,97.5
7.9,84.3,89.4,8,5.5,6.4,high,medium,100.0
4.3,92.3,85.3,12,5.5,6.6,low,low,100.0
5.6,79.1,38.6,7,7.7,2.7,low,medium,72.0
3.9,77.2,57.2,10,6.5,3.7,medium,medium,91.4
2.9,94.0,50.8,9,7.6,2.3,medium,high,95.6
6.8,90.0,77.9,8,8.2,2.5,high,high,100.0
6.5,95.4,76.2,9,7.6,1.3,low,low,100.0
7.7,83.7,29.5,12,6.2,1.1,high,low,95.8
7.4,81.6,65.5,9,8.5,5.8,medium,medium,100.0
6.6,98.9,82.0,10,7.9,2.9,low,medium,100.0
7.4,75.8,72.2,12,7.0,3.1,medium,medium,100.0
5.9,98.0,72.2,7,7.0,1.8,medium,high,98.8
7.0,98.6,64.5,5,7.4,3.3,low,low,100.0
4.2,94.9,54.1,12,6.6,0.7,low,high,95.1
6.9,82.5,69.7,8,5.0,1.8,low,medium,92.6
7.7,81.5,70.8,10,7.9,1.2,medium,high,98.4
4.3,86.3,79.2,6,7.8,4.9,low,medium,84.6
6.1,77.6,80.4,9,4.2,0.5,low,high,92.9
4.4,80.3,71.3,5,7.6,1.2,low,low,84.0
4.7,93.2,86.4,8,9.1,0.0,medium,medium,94.1
3.2,93.2,64.4,6,5.6,1.7,high,low,79.1
9.2,79.6,48.3,6,6.9,2.3,low,medium,75.5
8.7,93.4,77.2,7,6.8,4.5,high,high,100.0
7.3,91.6,71.9,2,9.0,2.7,medium,high,93.8
10.9,100.0,77.5,5,8.3,2.4,high,medium,100.0
5.5,92.6,51.0,10,5.9,3.4,medium,low,82.3
13.6,96.5,96.9,9,7.4,2.3,medium,high,100.0
5.4,91.8,80.7,5,9.8,6.6,medium,medium,100.0
6.6,95.8,65.7,9,6.3,2.1,medium,medium,100.0
5.0,77.7,56.0,6,7.0,3.6,high,medium,78.9
6.9,87.0,86.2,10,7.6,4.2,high,high,100.0
8.1,87.7,53.5,8,6.3,2.1,medium,medium,97.0
5.7,86.1,100.0,7,9.1,3.2,medium,medium,100.0
10.4,91.6,60.8,8,6.4,2.2,medium,low,100.0
6.6,93.1,95.8,12,5.3,3.4,medium,medium,100.0
6.7,91.1,67.2,6,6.4,3.2,medium,medium,88.3
3.7,86.6,93.7,9,7.8,2.8,medium,high,100.0
7.0,82.1,59.0,10,6.0,1.3,low,high,93.1
5.7,96.8,70.3,6,7.4,5.8,high,high,81.8
4.5,90.8,82.1,4,7.7,3.9,low,medium,86.2
4.1,79.9,79.9,6,5.5,0.6,low,medium,83.3
12.7,86.5,86.5,10,6.3,2.4,low,medium,100.0
5.3,74.1,62.7,7,7.4,0.6,low,high,91.4
2.4,88.3,71.3,7,7.8,4.1,medium,medium,87.7
4.3,86.4,88.7,10,6.4,3.0,low,medium,100.0
5.9,83.4,59.4,6,7.2,3.0,low,medium,81.5
7.4,100.0,78.6,8,6.7,1.7,low,medium,92.1
7.4,78.8,66.7,4,7.9,2.5,low,high,90.7
7.7,93.7,73.1,9,7.6,4.2,high,low,100.0
4.4,100.0,71.3,9,6.6,4.6,medium,medium,89.7
6.9,96.6,58.2,10,7.6,4.3,low,medium,97.2
3.8,87.7,66.1,5,6.5,0.7,medium,low,75.4
4.5,78.9,72.2,8,7.5,2.7,medium,high,87.2
3.7,77.1,68.5,5,7.6,3.4,medium,high,91.1
3.0,84.7,93.6,7,9.8,1.9,low,high,99.8
8.7,82.5,85.1,12,6.6,0.5,medium,medium,100.0
7.7,82.2,74.3,7,6.8,1.1,low,high,100.0
8.4,85.4,58.6,5,6.2,5.2,low,medium,85.8
6.1,87.2,57.6,6,5.8,1.2,high,medium,80.4
7.9,91.9,99.6,4,6.5,3.1,medium,low,94.7
1.6,78.1,54.9,5,7.8,2.8,low,low,66.2
8.2,82.5,71.7,10,7.9,2.8,low,low,91.2
6.4,86.7,75.4,4,7.4,2.5,medium,medium,84.4
7.6,86.4,65.3,9,6.6,4.2,low,high,96.9
7.0,100.0,55.0,8,6.4,3.1,low,medium,100.0
3.5,89.9,58.2,7,5.9,2.1,low,low,86.1
2.3,75.1,61.8,9,6.3,3.1,low,high,84.3
4.2,91.3,59.4,6,5.4,1.1,medium,low,79.4
7.4,92.4,89.9,10,8.6,3.7,low,high,100.0
7.7,87.0,69.9,6,9.2,2.0,medium,medium,100.0
2.6,78.3,62.1,7,4.7,2.1,low,medium,86.2
3.5,100.0,71.6,7,7.3,3.8,high,low,92.2
4.2,79.4,80.0,10,7.3,2.4,medium,medium,93.3
5.1,93.3,64.8,9,7.3,2.5,low,medium,93.7
2.6,89.6,83.5,1,6.3,4.8,low,medium,76.4
2.4,92.8,50.9,9,8.2,1.5,medium,low,84.1
3.9,100.0,87.6,4,7.5,3.7,medium,medium,88.1
6.2,92.5,69.9,7,8.2,4.4,low,low,96.2
3.0,83.5,69.3,8,6.1,4.8,low,high,89.4
5.7,96.8,59.6,7,5.3,6.3,medium,medium,91.8
8.6,83.0,51.6,9,7.5,2.0,low,medium,88.6
2.7,89.3,45.0,10,5.8,1.7,low,medium,78.2
5.5,77.7,58.6,6,8.3,4.2,low,high,81.7
8.6,79.7,78.8,6,4.4,4.4,medium,low,93.8
5.0,88.4,55.6,8,6.4,1.8,low,medium,81.4
4.6,90.9,46.8,4,6.3,3.7,low,high,83.4
8.9,74.4,56.4,7,6.6,7.1,low,medium,90.5
5.2,92.0,64.2,11,7.3,3.2,medium,low,87.7
8.8,81.4,64.8,4,7.5,4.4,medium,low,81.2
7.1,98.2,68.1,7,7.8,5.4,medium,high,100.0
5.1,85.2,85.5,7,7.9,6.8,medium,low,93.5
7.2,79.0,88.7,12,6.8,3.4,medium,low,100.0
6.8,88.6,100.0,7,9.5,4.9,medium,high,100.0
8.6,80.7,45.6,7,8.7,1.8,high,high,92.2
4.6,98.2,57.2,5,6.6,3.0,high,medium,79.2
6.1,88.0,80.5,8,6.8,2.3,low,low,90.0
5.8,86.8,63.2,9,6.6,0.2,medium,medium,96.6
7.8,92.7,82.9,6,7.4,0.6,low,high,100.0
3.4,80.0,73.1,10,5.8,3.6,low,medium,95.6
8.5,77.7,93.7,9,6.1,3.7,low,low,100.0
7.2,91.3,85.6,10,4.4,1.4,medium,high,100.0
2.7,79.2,85.9,7,6.5,5.3,high,high,93.1
9.0,79.2,63.8,9,8.3,1.3,medium,medium,88.2
11.6,94.7,68.5,7,6.8,3.4,medium,high,100.0
8.5,92.2,65.4,12,6.9,2.4,low,medium,100.0
9.6,78.0,47.4,8,7.3,3.2,high,high,100.0
6.2,83.0,92.1,8,5.8,4.3,low,low,100.0
1.8,80.8,81.2,7,7.0,4.1,high,medium,98.6
1.4,100.0,64.8,7,8.1,4.1,low,medium,93.0
6.6,95.2,89.6,9,7.4,3.9,low,medium,100.0
4.5,84.6,60.5,10,8.2,1.1,medium,medium,92.3
3.7,92.6,42.4,6,8.5,4.7,low,medium,79.2
5.8,77.2,85.1,8,7.8,1.4,low,medium,88.2
7.5,82.6,50.8,8,6.1,2.8,medium,medium,90.8
2.4,88.8,67.1,9,6.6,2.5,medium,medium,90.2
4.9,91.6,73.1,4,9.3,3.5,low,medium,86.0
9.8,87.2,75.8,6,7.4,2.3,medium,medium,93.4
3.3,90.0,82.7,5,7.2,2.8,medium,medium,97.2
8.2,88.6,78.7,8,6.0,5.4,low,medium,100.0
4.8,86.7,78.2,6,6.9,1.1,medium,low,99.0
7.4,85.6,58.1,7,7.9,3.0,medium,high,98.2
8.7,84.6,74.4,5,7.0,1.3,high,high,100.0
7.9,89.9,47.4,7,6.4,4.0,medium,medium,95.9
8.3,91.3,93.4,5,6.7,1.9,medium,medium,100.0
3.1,89.6,49.0,10,8.4,3.1,medium,low,80.4
8.8,78.6,64.8,9,7.8,1.0,medium,medium,98.1
3.9,80.0,50.2,8,7.6,4.9,medium,medium,75.4
6.6,91.2,59.0,7,7.5,3.1,medium,medium,100.0
6.6,99.8,70.2,3,5.6,3.2,low,low,86.3
7.2,89.2,62.1,7,7.3,4.2,high,low,96.4
6.8,84.7,87.2,6,8.3,1.1,medium,high,94.9
3.9,89.8,73.4,9,6.7,2.1,medium,medium,97.9
2.6,78.9,63.1,10,8.2,3.3,medium,high,85.3
8.2,98.5,68.0,9,7.7,0.4,low,medium,100.0
6.5,89.5,88.3,11,8.0,0.5,medium,high,100.0
8.9,82.6,83.6,7,7.1,1.8,medium,low,100.0
5.9,86.7,52.9,6,8.1,1.3,low,low,88.5
2.5,83.8,59.8,11,5.2,2.5,low,medium,80.9
8.4,98.5,77.1,8,7.0,3.8,medium,medium,100.0
5.1,86.4,75.3,7,7.9,4.1,medium,low,99.2
6.9,89.2,54.2,12,7.4,5.7,medium,medium,100.0
4.4,92.6,81.2,9,8.3,3.0,low,low,92.5
10.1,82.1,56.6,8,6.8,3.2,medium,low,100.0
3.8,89.5,89.6,6,6.3,3.0,low,high,95.5
5.2,90.2,77.9,11,5.0,3.5,medium,medium,100.0
6.3,75.6,53.0,9,6.7,3.6,medium,medium,86.7
3.3,90.0,62.1,8,7.6,4.4,medium,low,84.6
6.8,87.6,61.8,10,7.9,4.4,high,high,97.2
10.0,89.0,72.4,10,5.3,3.8,low,high,100.0
4.8,88.3,66.9,9,8.4,5.3,medium,medium,85.0
7.0,90.1,52.8,10,5.8,3.0,medium,medium,96.7
0.0,98.7,49.1,9,6.9,2.1,medium,medium,62.8
5.9,78.6,78.2,9,6.3,2.3,medium,low,100.0
5.2,85.3,74.3,6,7.5,2.8,high,medium,96.2
4.0,93.3,71.6,12,7.1,1.4,medium,low,96.8
8.7,91.8,74.1,5,7.8,2.1,low,low,100.0
5.2,91.7,60.7,9,9.2,1.3,low,medium,91.9
5.6,100.0,72.8,5,7.5,3.5,high,medium,97.3
5.1,92.9,100.0,8,6.3,3.5,low,medium,92.6
1.2,97.0,87.6,7,7.6,0.3,medium,medium,77.4
3.2,85.5,65.7,8,9.3,2.0,high,medium,89.5
8.4,80.1,62.1,9,7.8,5.7,medium,high,100.0
0.7,85.5,27.1,6,8.1,3.9,low,medium,65.4
4.1,93.7,86.0,8,5.1,3.7,medium,medium,95.6
5.0,91.3,81.8,11,7.5,2.0,low,medium,100.0
10.4,91.2,61.8,5,6.7,3.4,high,high,100.0
7.9,86.3,48.5,6,6.2,3.0,medium,medium,85.2
4.6,85.0,52.7,10,7.0,1.8,medium,low,89.9
9.3,86.6,76.7,8,7.1,2.3,low,low,96.5
4.1,93.8,68.7,8,6.3,2.3,low,medium,81.0
8.5,94.7,80.4,11,7.2,0.8,medium,high,100.0
2.6,80.0,71.3,6,6.8,1.0,medium,low,83.5
8.7,94.1,84.5,7,7.8,2.7,medium,medium,100.0
5.0,82.8,75.5,6,7.3,1.7,high,medium,96.5
3.4,91.8,82.4,7,7.5,2.5,low,medium,86.6
5.5,86.5,38.7,11,8.2,0.6,low,medium,84.4
6.7,100.0,51.5,4,7.7,4.2,medium,medium,86.9
4.8,84.7,64.5,5,7.0,6.1,medium,medium,79.1
7.4,89.4,86.2,5,4.5,4.5,medium,high,95.4
4.5,92.9,98.2,12,7.6,4.7,low,high,97.5
7.6,81.0,67.5,6,5.9,3.9,low,medium,96.1
7.1,87.4,60.8,7,6.9,3.4,medium,medium,91.9
5.8,85.9,40.7,4,7.4,3.1,high,medium,71.3
4.9,83.9,83.0,7,8.6,1.6,high,high,100.0
6.4,84.5,61.7,10,9.2,4.0,medium,medium,93.8
7.4,96.9,100.0,9,5.9,3.9,medium,medium,100.0
11.2,83.2,58.9,8,5.4,2.3,medium,low,92.5
8.3,92.5,100.0,4,7.4,3.8,medium,medium,100.0
8.4,90.5,81.2,7,7.3,2.0,low,medium,100.0
13.7,76.8,54.6,8,5.6,2.1,low,low,100.0
7.3,92.2,73.5,6,7.0,4.2,high,medium,100.0
7.2,76.7,81.6,10,7.7,3.6,high,high,100.0
7.8,93.0,66.6,10,5.5,2.7,medium,low,100.0
3.5,83.9,82.6,7,5.8,2.5,low,medium,86.9
4.9,88.1,82.2,10,6.2,3.3,medium,high,93.1
4.7,77.6,78.9,8,6.7,0.2,low,high,90.3
7.6,89.0,69.8,11,7.8,1.9,low,medium,100.0
5.6,95.4,52.4,12,6.6,1.1,medium,low,91.2
6.3,81.5,68.8,5,7.1,3.0,medium,medium,89.3
8.7,83.1,72.6,10,9.7,4.6,low,medium,100.0
8.2,91.6,41.9,11,5.9,3.7,medium,medium,98.5
5.6,91.8,72.5,6,6.2,2.2,medium,medium,94.8
4.3,68.5,68.5,7,7.8,1.9,low,high,82.6
8.8,100.0,50.6,7,8.2,1.9,low,medium,91.2
7.9,92.2,65.0,8,7.5,6.0,medium,high,92.5
2.0,93.6,65.3,7,9.2,3.1,high,medium,87.0
5.2,86.9,99.0,8,7.4,3.3,high,medium,100.0
6.4,73.2,73.3,10,4.6,0.0,low,low,91.4
7.9,93.4,85.5,3,7.1,1.2,medium,high,88.3
8.3,83.5,68.2,6,6.3,2.9,high,medium,86.4
6.7,92.4,41.9,10,8.7,2.3,low,medium,94.3
7.5,86.2,80.1,9,8.2,3.2,medium,low,94.7
6.2,89.9,60.1,5,5.1,3.2,medium,medium,84.1
4.3,81.8,65.0,9,8.6,3.9,medium,low,84.7
5.3,94.9,54.2,11,8.1,0.2,low,high,92.9
6.0,78.5,71.1,8,6.6,1.3,low,low,90.0
5.9,100.0,86.0,5,6.9,2.9,low,medium,99.2
1.3,100.0,84.0,10,8.7,2.0,medium,medium,100.0
5.0,100.0,93.8,12,4.6,2.5,low,medium,100.0
6.1,98.2,95.9,6,7.5,3.2,medium,high,100.0
5.3,87.3,39.3,8,8.3,1.9,medium,medium,89.4
5.4,97.3,52.1,11,6.9,3.3,low,low,90.5
7.2,87.2,42.9,8,7.8,3.8,low,low,87.9
3.3,75.6,79.5,4,7.1,3.1,low,low,74.1
1.9,100.0,59.6,9,6.1,4.1,high,medium,90.7
5.1,97.0,62.7,6,6.0,0.0,low,low,69.2
7.9,87.7,66.8,5,7.9,2.1,medium,medium,100.0
10.2,78.2,75.7,4,6.2,4.3,medium,medium,93.2
8.0,83.3,47.7,11,5.2,1.7,low,high,87.6
2.3,73.4,51.1,6,7.1,1.5,high,low,63.9
5.4,95.6,70.0,9,6.4,2.8,medium,high,97.7
6.6,75.2,88.0,9,5.6,3.0,medium,high,100.0
6.4,90.3,69.6,8,7.1,2.2,low,medium,97.8
7.3,81.3,58.1,9,7.9,5.8,low,medium,86.2
3.7,76.6,37.8,9,7.0,3.4,low,medium,79.5
6.2,89.9,84.3,8,5.7,1.6,medium,low,96.4
7.1,85.3,59.0,6,7.6,0.8,high,high,90.1
8.1,94.7,52.8,6,8.2,3.6,medium,high,93.3
4.0,77.9,44.3,8,9.7,1.6,low,medium,82.1
5.1,81.9,48.4,8,8.7,6.2,low,low,80.7
0.0,68.9,55.6,9,5.8,3.6,low,low,63.6
4.4,70.5,66.4,11,8.0,3.8,low,medium,88.4
4.7,100.0,51.9,9,7.3,3.4,low,high,98.8
3.5,100.0,72.8,6,5.6,4.7,high,low,94.6
6.4,88.7,66.3,3,7.3,0.0,medium,medium,86.8
5.9,81.4,100.0,6,9.3,1.2,low,high,100.0
0.4,85.6,44.4,5,8.4,4.6,low,medium,77.9
6.5,95.0,72.4,6,5.8,5.3,medium,medium,97.7
3.7,83.9,72.6,9,7.0,1.1,low,medium,90.7
7.2,89.9,54.5,8,7.6,0.3,high,low,92.6
2.8,87.9,71.4,12,4.9,3.3,medium,medium,96.0
6.1,83.4,81.5,9,5.0,3.7,medium,low,78.9
5.3,83.8,71.4,12,7.2,3.2,medium,medium,100.0
6.8,90.3,90.8,10,7.2,2.9,low,medium,100.0
6.3,80.2,37.3,11,4.8,0.2,low,high,80.7
5.4,91.6,57.4,7,7.5,2.4,medium,medium,80.1
2.2,84.2,92.1,5,8.3,2.7,low,high,86.0
2.3,89.0,83.7,7,6.7,2.2,low,medium,86.4
4.5,99.1,78.1,8,7.1,0.1,high,medium,100.0
6.0,86.7,88.5,6,7.7,3.9,medium,medium,100.0
4.5,95.4,41.3,5,7.5,4.3,low,medium,88.5
7.6,73.7,81.9,9,5.0,1.8,high,medium,100.0
5.3,84.2,86.0,5,5.9,2.7,low,medium,90.5
3.6,88.2,60.1,4,6.5,2.3,high,medium,84.0
5.3,100.0,100.0,5,6.0,2.3,medium,low,95.5
6.6,72.3,72.9,7,8.8,3.7,medium,low,86.1
6.8,87.2,37.1,6,7.8,3.8,medium,low,75.6
10.7,99.7,75.7,7,5.7,4.6,low,low,100.0
4.3,81.7,59.2,10,6.7,4.6,high,high,79.4
5.8,86.3,87.5,9,8.4,2.7,low,medium,100.0
7.1,90.7,78.2,6,6.2,7.3,high,medium,100.0
5.9,89.5,61.0,5,8.0,5.3,low,low,88.4
4.7,100.0,92.5,7,8.7,2.0,low,high,95.2
2.1,91.6,84.1,10,8.5,3.2,low,low,90.2
4.7,98.6,57.6,10,7.2,0.0,low,low,87.8
3.3,85.1,67.7,9,8.5,3.0,medium,high,91.0
1.7,82.1,77.8,11,6.4,5.5,medium,medium,91.1
4.0,86.2,64.5,12,10.0,7.2,high,low,100.0
3.4,78.7,65.0,7,7.3,2.8,medium,low,80.5
7.5,91.9,70.6,12,8.4,3.5,medium,medium,100.0
7.5,84.9,54.0,7,6.6,3.9,low,medium,100.0
3.7,82.6,36.5,11,7.6,6.0,medium,low,76.8
5.3,92.0,73.6,10,7.7,1.5,high,medium,97.2
1.4,78.9,40.2,3,5.9,7.0,low,medium,45.8
4.8,94.2,55.1,6,5.8,2.5,low,medium,81.8
7.0,84.2,43.4,5,6.8,1.2,low,medium,82.9
8.1,97.3,45.3,4,8.3,2.5,low,high,80.0
4.2,84.9,76.4,10,4.8,1.8,medium,low,96.5
8.6,93.1,66.7,12,6.6,3.6,low,low,100.0
2.2,89.4,66.1,7,8.6,0.5,high,low,74.5
2.9,94.0,50.3,10,5.5,3.2,low,low,85.0
7.8,88.9,60.2,12,8.5,4.0,low,medium,100.0
10.2,74.7,75.6,9,5.6,5.2,low,low,94.0
7.2,96.1,69.2,8,5.9,4.0,low,high,100.0
5.9,87.3,82.3,7,6.8,5.1,medium,high,100.0
0.5,94.3,84.5,9,9.2,2.1,high,medium,89.4
0.9,93.5,66.2,10,6.2,3.6,medium,medium,88.3
6.3,81.8,42.2,9,4.9,0.0,low,medium,83.7
5.1,80.7,58.7,9,5.3,2.8,medium,medium,86.5
3.2,93.2,68.5,8,8.1,3.6,medium,medium,87.2
6.2,85.6,58.4,4,5.4,3.7,medium,low,77.9
6.3,95.5,54.2,10,8.4,0.6,medium,high,100.0
8.4,86.6,71.0,5,7.1,2.4,medium,medium,97.4
6.3,96.2,100.0,10,7.0,2.6,low,medium,100.0
9.1,91.4,62.7,10,7.4,2.4,low,medium,91.4
6.0,90.3,70.0,5,6.0,4.1,high,low,78.3
5.7,85.0,50.3,6,7.2,2.7,low,high,75.9
8.7,89.9,88.7,12,5.6,3.1,low,medium,100.0
3.6,97.5,83.1,8,8.6,2.3,low,high,96.9
13.0,87.6,82.1,5,5.8,4.6,low,high,100.0
6.9,92.2,90.4,10,7.5,4.7,high,medium,100.0
7.0,88.4,63.6,6,5.8,2.5,low,high,90.9
7.3,89.0,65.5,3,6.4,7.3,medium,high,95.8
10.7,100.0,95.6,9,6.6,1.9,high,low,100.0
8.0,97.6,79.5,6,10.0,4.5,low,medium,100.0
2.0,88.6,36.7,9,7.0,1.6,low,medium,74.8
9.5,89.7,76.8,6,6.0,4.2,low,medium,93.8
5.1,82.4,61.3,10,6.5,4.0,low,high,95.3
6.3,86.6,83.5,8,5.2,1.5,low,medium,100.0
2.8,90.5,76.1,2,6.8,2.8,medium,high,79.2
7.3,94.8,43.9,9,9.2,5.8,low,medium,78.9
4.4,94.0,74.0,7,7.4,1.8,medium,medium,99.5
6.3,79.1,73.2,12,8.1,3.6,high,medium,100.0
5.3,95.8,75.5,9,5.9,3.5,low,high,100.0
10.8,87.3,78.6,10,6.8,2.9,low,medium,92.9
11.0,80.1,92.4,6,7.2,0.4,low,medium,100.0
6.1,98.7,76.2,6,6.1,4.2,low,medium,87.0
6.2,99.7,70.3,8,7.5,3.0,low,medium,100.0
5.1,90.1,87.2,7,7.7,4.7,medium,low,90.9
8.8,93.7,100.0,11,7.7,3.3,low,high,100.0
5.2,94.1,83.7,8,6.8,3.1,low,low,100.0
4.9,99.2,73.1,5,8.3,3.6,low,low,90.9
8.4,93.8,76.5,6,6.7,1.5,medium,high,100.0
4.7,77.4,73.8,10,6.6,5.3,low,medium,88.1
5.9,100.0,70.3,8,8.7,2.4,medium,medium,95.2
2.0,96.5,100.0,7,5.7,2.5,medium,medium,100.0
7.8,83.9,58.8,11,5.0,4.9,low,low,88.7
10.9,79.8,87.3,6,6.0,3.4,medium,low,96.4
7.8,92.0,68.1,2,7.5,2.6,low,high,88.7
9.7,85.8,47.8,6,8.5,3.6,medium,low,85.0
3.9,90.6,67.2,9,6.2,3.9,low,low,98.4
6.6,93.9,61.8,7,9.2,2.8,medium,high,100.0
3.6,83.5,78.7,4,7.0,4.4,medium,high,82.4
5.4,79.1,71.4,11,6.9,1.1,medium,medium,90.8
7.9,91.1,54.7,8,6.0,3.4,medium,low,94.8
6.3,83.7,92.1,9,9.3,4.2,low,medium,100.0
2.5,89.2,86.4,9,6.8,3.9,medium,high,99.1
2.7,77.3,93.8,5,5.4,0.0,low,medium,78.7
2.5,86.0,73.6,9,9.9,2.8,low,high,84.4
7.2,93.7,69.5,10,7.5,1.2,low,medium,100.0
11.2,92.8,80.6,11,8.0,4.9,medium,high,100.0
9.4,81.7,61.3,10,9.0,2.4,medium,high,100.0
1.3,78.7,72.0,9,7.7,4.8,high,medium,92.9
9.6,88.1,67.4,4,8.2,1.2,medium,medium,98.9
8.3,92.5,48.1,8,7.1,3.6,medium,low,93.2
2.1,91.2,71.9,6,7.9,3.0,high,medium,88.6
5.2,83.9,63.4,11,7.0,7.1,low,low,84.7
8.7,90.4,66.4,11,7.0,4.8,medium,medium,100.0
7.4,100.0,75.5,6,7.1,4.7,low,medium,92.8
2.7,89.6,89.1,8,6.5,6.0,low,medium,95.9
7.5,74.9,57.3,9,7.6,3.4,high,medium,87.9
0.7,89.6,65.0,10,7.6,2.9,low,high,87.1
5.4,100.0,58.5,4,8.0,2.7,high,low,84.6
8.8,77.7,57.5,2,7.8,3.5,high,medium,89.8
6.0,88.2,61.1,8,9.4,0.0,high,medium,89.4
4.8,86.2,67.1,2,8.3,3.0,medium,medium,81.9
8.2,88.8,78.8,8,6.8,3.3,medium,medium,98.8
8.4,89.6,74.8,9,7.5,2.8,medium,medium,100.0
9.3,97.1,54.1,11,8.7,0.7,medium,high,100.0
8.2,88.7,89.4,6,5.9,2.8,high,high,100.0
8.7,98.2,84.2,8,9.4,0.7,low,high,100.0
7.8,87.1,56.5,10,6.1,5.7,medium,high,88.0
6.7,85.2,88.4,5,8.1,2.6,high,medium,95.1
6.2,82.6,74.9,10,7.0,0.0,low,medium,97.6
5.4,73.5,67.7,9,6.9,2.7,high,medium,100.0
3.0,90.2,75.4,6,5.4,4.3,low,medium,87.4
3.6,100.0,69.6,8,8.1,3.3,low,low,87.2
5.3,91.7,78.2,8,5.5,1.6,medium,medium,94.9
6.6,93.5,72.8,10,5.3,2.0,medium,high,100.0
9.6,84.7,64.9,7,8.4,2.6,medium,medium,99.5
5.9,86.0,39.6,9,9.1,2.3,low,low,81.3
8.5,95.9,77.9,6,6.2,1.1,low,medium,99.9
8.7,100.0,64.4,6,8.2,2.9,high,medium,100.0
5.4,99.9,81.7,8,8.0,1.0,medium,high,100.0
7.5,94.4,77.2,6,6.9,4.4,medium,low,100.0
5.4,88.3,64.8,10,8.6,4.6,low,medium,100.0
9.3,89.7,85.3,9,6.8,1.5,high,medium,100.0
7.6,82.0,73.1,6,7.6,1.9,high,medium,96.2
3.0,76.4,72.5,9,5.5,2.4,medium,medium,76.6
6.4,79.0,67.9,6,5.5,3.0,low,high,87.2
10.1,88.4,95.3,4,8.4,3.4,high,high,100.0
5.5,85.7,59.3,7,7.7,3.7,high,medium,84.3
7.1,76.2,65.2,8,6.8,3.7,medium,medium,90.9
7.4,87.7,51.4,9,9.3,5.3,medium,medium,99.1
3.4,85.5,80.9,8,9.3,3.1,medium,medium,91.8
7.3,78.6,61.3,10,7.5,1.0,low,medium,88.1
2.5,85.0,62.9,6,5.3,0.6,medium,medium,70.6
4.4,85.4,62.2,7,6.9,5.5,medium,medium,95.7
8.7,83.1,70.9,12,6.0,3.8,medium,high,100.0
6.9,95.4,51.2,3,7.1,3.3,high,high,81.1
5.2,72.8,36.4,7,5.9,3.7,medium,medium,79.8
7.1,72.1,76.9,5,5.6,3.2,high,low,87.9
5.8,88.0,38.3,8,4.3,3.6,low,medium,91.3
6.0,88.8,82.8,7,7.2,2.4,high,low,100.0
7.6,91.2,93.4,10,4.2,4.6,low,medium,100.0
4.2,83.7,67.5,9,6.6,2.2,low,medium,93.5
6.1,80.7,89.5,5,7.8,1.6,medium,high,100.0
5.2,87.9,69.6,7,6.1,0.5,low,medium,85.8
2.0,84.5,94.0,8,5.7,2.6,low,low,98.1
3.7,100.0,63.2,10,6.9,4.9,medium,medium,90.4
9.9,85.4,34.5,12,6.0,2.3,low,medium,94.1
7.0,87.6,68.8,10,7.2,0.9,high,low,100.0
2.7,100.0,95.6,5,5.8,3.4,low,medium,99.2
2.1,86.4,78.0,8,6.9,2.0,low,low,82.9
5.7,92.4,62.3,8,6.6,5.3,low,low,100.0
9.9,93.2,74.9,7,7.0,4.6,medium,medium,100.0
5.5,93.9,84.6,9,9.0,1.1,medium,high,100.0
9.3,90.3,68.7,2,7.2,2.7,low,high,87.8
6.9,89.6,100.0,9,7.6,1.9,low,medium,100.0
7.2,88.8,62.2,7,6.3,1.3,low,medium,78.8
2.7,83.4,85.0,8,7.3,2.9,medium,high,97.9
8.3,90.6,81.4,12,6.7,4.2,medium,high,100.0
5.2,100.0,59.5,5,7.0,2.9,low,high,95.0
8.2,97.7,63.6,9,7.8,2.2,low,medium,94.0
4.0,90.4,85.3,10,6.4,0.0,high,high,100.0
6.4,94.8,72.2,8,6.5,2.0,low,medium,100.0
6.9,81.0,75.1,4,6.4,3.8,high,low,92.5
5.6,85.9,45.5,11,6.4,1.0,low,low,83.4
7.0,95.6,79.8,7,7.2,4.9,high,high,100.0
5.3,99.9,74.3,7,6.6,2.1,medium,high,100.0
4.4,81.8,69.0,7,8.8,3.3,medium,medium,95.4
10.0,84.1,75.4,7,10.0,2.4,low,medium,100.0
8.6,100.0,63.9,5,6.3,1.2,high,medium,94.8
4.1,88.8,61.1,8,7.4,3.7,low,medium,79.3
7.4,100.0,66.4,7,8.2,2.1,medium,medium,100.0
4.1,89.7,63.0,10,6.7,1.8,low,medium,95.4
3.0,90.0,100.0,9,5.8,0.0,medium,medium,100.0
8.6,85.6,83.7,12,9.1,5.0,medium,medium,100.0
1.7,95.5,55.5,7,7.8,3.0,medium,high,93.7
8.3,98.9,100.0,6,7.4,4.7,medium,high,100.0
5.4,79.7,63.5,4,8.7,3.9,medium,low,86.4
5.5,85.2,70.4,12,7.9,4.7,medium,medium,100.0
7.0,95.3,83.5,10,6.9,2.2,low,medium,100.0
7.5,87.0,40.5,6,5.8,0.9,low,low,74.5
3.9,84.1,66.4,12,6.4,4.1,medium,medium,94.1
7.8,96.1,61.4,11,8.4,3.2,low,medium,100.0
6.3,96.8,73.1,5,7.8,2.3,medium,low,91.5
2.9,84.4,75.6,6,6.8,4.1,low,high,74.9
5.6,89.7,68.8,8,9.1,3.5,high,high,100.0
9.5,78.3,68.1,5,6.8,4.0,medium,low,96.8
10.2,80.8,86.0,8,8.2,1.5,medium,medium,100.0
7.8,89.0,74.5,10,7.3,4.5,high,medium,100.0
3.0,88.3,70.6,5,9.3,3.0,medium,medium,93.8
7.2,80.3,72.2,9,7.9,4.6,low,medium,93.9
8.1,82.3,97.5,11,7.1,4.5,low,low,100.0
7.8,79.5,72.6,9,6.8,4.0,medium,medium,100.0
8.0,91.6,62.3,8,7.0,2.8,low,high,100.0
6.9,72.3,41.4,6,6.1,4.1,low,medium,70.2
5.8,79.9,48.5,10,5.4,4.7,low,medium,92.0
4.5,73.1,63.0,5,7.4,3.9,low,high,81.6
1.3,91.4,68.4,9,6.4,3.3,low,high,80.1
6.8,73.6,61.7,8,6.4,4.1,low,high,93.3
6.5,88.3,75.3,11,6.9,2.2,low,low,100.0
7.4,100.0,61.5,7,7.1,5.3,medium,low,93.7
2.7,100.0,56.3,7,7.0,0.5,low,high,86.0
7.6,73.6,79.2,5,9.1,3.1,low,high,99.4
11.1,90.4,90.5,9,7.8,2.4,high,medium,100.0
6.2,80.1,53.4,7,9.5,2.0,medium,high,89.9
5.8,78.5,73.7,6,6.5,3.5,high,medium,89.2
6.8,87.1,41.4,6,7.9,1.3,high,low,84.2
11.1,97.8,47.9,9,6.5,6.2,medium,high,100.0
3.4,92.8,61.2,5,6.3,1.0,medium,high,86.5
6.5,82.3,87.0,5,9.6,1.6,low,medium,96.3
4.0,93.6,58.3,10,6.1,1.4,medium,medium,91.3
4.6,70.1,57.8,8,4.3,3.3,medium,medium,88.2
5.9,82.0,70.5,10,6.2,4.5,medium,medium,100.0
9.4,81.4,70.6,7,4.6,3.8,low,medium,97.8
10.5,88.6,58.2,8,5.9,5.2,high,medium,100.0
7.1,86.4,99.8,8,6.0,1.8,medium,medium,100.0
5.1,86.9,66.0,11,7.0,4.0,medium,low,98.1
12.2,86.6,71.7,11,4.5,2.5,high,low,100.0
4.9,88.2,64.0,11,8.4,3.3,high,low,100.0
4.6,92.3,76.6,6,4.7,4.7,low,medium,99.1
1.6,89.2,88.5,6,6.8,0.5,medium,medium,86.5
9.5,85.7,95.0,10,6.6,6.0,medium,medium,100.0
8.4,91.2,58.6,11,8.0,2.8,medium,medium,100.0
12.0,94.6,86.5,11,7.4,0.6,medium,low,100.0
2.5,83.6,78.2,8,8.4,2.0,medium,high,93.2
9.6,87.5,84.6,10,6.6,3.2,high,medium,100.0
6.2,97.3,68.6,10,6.4,2.0,low,medium,100.0
8.0,79.2,67.2,8,7.5,0.0,low,low,82.3
1.9,100.0,84.0,8,8.2,3.1,medium,medium,88.4
9.7,77.3,84.3,8,8.0,1.9,medium,medium,100.0
8.0,85.2,93.5,6,7.4,4.0,high,high,100.0
5.9,80.4,73.0,6,7.3,1.4,medium,low,92.0
7.6,100.0,68.4,6,7.0,6.4,low,medium,97.8
4.1,84.0,33.1,4,7.5,3.8,medium,high,73.5
4.6,84.0,45.8,8,9.4,3.3,high,high,90.7
4.8,85.0,64.1,8,6.7,3.9,low,high,89.0
1.4,88.8,53.5,10,6.6,0.3,low,low,81.0
8.2,85.4,82.2,11,6.5,2.3,medium,medium,100.0
9.0,86.9,50.3,11,7.5,5.7,low,low,100.0
4.2,59.8,62.5,12,4.5,2.5,high,medium,81.0
6.9,88.5,63.1,6,6.8,2.9,low,medium,92.9
5.3,88.1,88.1,4,8.1,2.3,low,medium,96.7
6.8,96.3,60.9,10,6.4,5.2,high,high,100.0
4.4,98.5,76.8,11,7.2,2.6,low,high,100.0
3.8,86.5,72.9,12,9.5,1.1,low,low,100.0
8.6,94.5,83.5,9,7.4,6.9,low,high,100.0
5.8,79.2,82.8,3,4.3,0.9,high,high,94.5
11.1,94.1,69.5,9,5.3,2.9,high,medium,100.0
6.1,83.4,44.6,9,6.7,1.7,low,medium,84.4
3.7,78.5,66.5,11,6.0,1.9,medium,low,93.5
9.1,86.5,69.7,12,7.1,1.4,medium,medium,100.0
7.6,99.2,74.3,10,6.6,2.2,low,low,100.0
7.8,89.4,58.9,7,8.4,4.5,low,medium,77.0
9.0,100.0,87.1,5,5.7,0.1,high,low,100.0
4.4,82.0,70.2,9,6.8,4.9,low,medium,84.4
5.7,96.4,56.2,6,7.3,4.6,medium,medium,88.4
5.6,82.8,63.1,12,7.4,3.8,low,low,89.9
2.8,89.8,98.9,4,7.2,3.2,medium,high,100.0
5.3,89.7,80.0,9,4.1,3.4,low,low,93.8
9.3,93.3,85.7,9,7.1,5.1,low,medium,100.0
6.6,90.0,54.4,7,6.8,0.4,low,medium,95.7
2.6,82.1,59.7,6,8.0,4.1,high,medium,83.9
2.1,95.0,59.8,3,7.9,1.9,low,medium,71.3
10.2,100.0,72.8,7,7.3,4.2,medium,medium,100.0
5.8,83.3,67.4,7,7.4,2.1,medium,medium,83.4
4.4,73.3,62.7,11,8.6,4.1,low,medium,97.8
5.3,92.0,64.5,6,8.4,0.7,medium,medium,92.7
2.3,85.4,58.1,9,7.3,0.5,low,low,81.2
9.6,87.0,67.3,5,9.6,2.8,medium,high,100.0
5.0,92.4,86.7,9,6.2,5.2,medium,medium,90.9
9.4,84.3,47.3,2,5.6,3.8,high,low,79.2
6.1,85.8,75.2,12,7.0,3.8,high,high,100.0
9.6,87.2,90.7,8,6.6,4.3,low,medium,100.0
6.6,99.8,67.3,1,4.0,2.4,medium,medium,73.7
8.1,88.2,62.1,6,6.2,3.9,medium,high,100.0
7.8,78.1,83.9,6,7.4,2.1,high,medium,100.0
7.6,78.4,55.2,6,6.9,2.5,high,low,76.9
6.9,89.1,69.7,7,6.1,2.7,medium,high,97.1
5.4,79.0,54.4,6,7.1,2.2,medium,high,86.7
10.8,75.5,41.9,6,7.1,2.9,low,medium,92.7
3.7,93.1,67.7,5,7.9,2.6,high,low,72.4
6.0,93.5,51.0,10,6.2,1.9,high,medium,96.9
6.0,85.1,69.8,11,8.0,2.8,low,medium,99.3
7.0,90.3,86.7,7,5.7,3.2,medium,medium,100.0
4.9,89.5,97.8,8,6.4,1.4,low,high,100.0
6.8,92.8,71.4,5,9.0,3.6,low,low,91.5
5.6,92.8,85.3,8,5.8,2.3,low,high,100.0
2.0,67.2,76.0,9,6.2,3.3,low,high,82.3
6.0,86.1,64.3,7,5.5,2.0,medium,low,89.4
3.2,92.1,41.1,9,6.0,4.6,low,medium,81.5
1.7,84.7,94.4,9,7.2,4.4,medium,low,98.4
6.3,88.3,54.3,5,7.8,1.4,medium,medium,81.0
7.2,94.0,90.7,11,7.0,3.8,medium,medium,100.0
7.3,88.6,78.1,7,6.6,5.2,low,high,100.0
7.4,100.0,55.4,12,5.5,1.6,low,medium,92.3
1.2,97.0,74.7,9,6.1,1.7,medium,medium,83.4
2.6,87.1,100.0,12,5.1,4.1,medium,low,100.0
10.9,86.4,93.0,11,7.9,1.0,medium,low,100.0
3.4,65.2,62.3,9,8.0,1.8,medium,medium,96.7
7.5,85.4,59.3,6,7.0,1.5,high,high,100.0
4.3,77.2,71.5,6,7.5,4.1,low,high,89.2
6.2,89.8,67.5,9,8.1,2.0,low,medium,100.0
4.4,89.2,88.0,8,7.1,2.6,high,high,100.0
7.4,93.6,81.1,7,8.7,1.9,high,low,100.0
6.3,99.2,44.6,10,5.8,4.7,low,high,84.9
4.9,87.8,76.9,8,6.6,1.7,high,low,99.1
3.4,100.0,67.3,10,6.4,0.9,low,low,100.0
6.7,89.9,70.6,6,7.8,0.8,high,high,94.2
3.0,77.5,73.7,10,5.3,4.0,medium,medium,78.5
7.1,83.5,88.0,9,8.7,4.1,medium,high,100.0
12.6,85.0,84.7,11,7.7,4.9,high,medium,100.0
9.4,92.7,58.8,10,9.1,1.1,high,low,100.0
7.8,80.4,69.1,8,7.0,2.7,low,low,100.0
5.8,85.6,63.3,8,6.3,6.6,medium,medium,90.1
1.2,86.7,44.8,12,7.8,2.5,medium,medium,78.6
2.7,84.4,68.4,7,8.2,2.2,medium,medium,98.0
9.2,94.5,97.7,10,6.1,3.0,low,low,100.0
4.0,93.1,44.3,7,4.6,3.8,low,low,72.9
4.3,97.3,69.6,3,4.8,3.8,high,medium,86.9
5.6,85.4,69.2,5,7.3,2.1,medium,low,83.7
3.3,97.6,74.3,9,8.8,2.1,medium,medium,100.0
2.9,77.1,55.6,10,5.4,2.6,medium,low,81.3
5.9,76.9,48.6,9,6.7,1.9,low,high,88.8
3.8,78.3,49.3,11,6.6,1.1,low,medium,79.3
4.1,88.1,90.0,9,9.3,5.7,low,low,90.1
4.0,97.6,55.3,6,9.7,2.4,low,high,82.3
7.3,83.2,62.5,9,7.5,2.5,high,medium,95.2
5.4,84.2,100.0,8,8.1,2.5,low,medium,100.0
5.6,86.3,59.0,7,8.0,2.9,low,medium,81.6
7.5,92.6,75.1,9,5.5,3.7,medium,medium,94.6
5.6,84.2,86.0,8,7.8,2.3,high,high,98.1
5.3,83.7,85.2,6,5.8,4.7,low,low,93.6
7.2,77.2,50.0,8,6.8,3.9,low,medium,89.2
7.7,83.4,59.3,12,8.4,2.7,medium,low,97.3
5.6,97.4,74.5,11,7.1,2.0,medium,medium,100.0
6.2,88.7,98.9,8,8.3,4.6,medium,medium,100.0
4.0,82.1,58.6,8,8.6,2.8,low,low,84.0
3.8,97.9,62.6,4,4.9,1.1,high,low,87.9
7.9,83.3,76.3,12,4.4,4.5,medium,medium,100.0
7.1,99.4,79.3,11,8.4,1.9,high,medium,100.0
7.1,99.2,80.2,10,8.4,4.3,high,high,100.0
6.7,88.4,57.3,2,7.3,0.0,medium,medium,79.3
6.1,76.0,62.0,8,7.5,2.4,low,high,85.8
7.7,100.0,73.2,8,8.1,4.7,medium,high,100.0
8.3,91.1,88.9,10,8.0,3.0,medium,low,100.0
8.3,85.4,66.4,7,6.6,3.9,low,high,98.4
5.7,95.6,69.7,7,8.1,1.6,low,high,91.9
9.5,93.6,54.6,10,6.6,3.5,low,medium,100.0
6.6,98.5,97.9,6,7.3,3.0,high,medium,100.0
7.6,82.7,72.3,7,7.2,3.4,medium,medium,97.4
6.7,90.5,86.2,8,6.0,6.1,medium,low,99.9
6.6,78.5,70.4,11,6.1,5.0,medium,medium,100.0
4.2,93.3,71.3,10,9.7,4.2,medium,low,91.0
7.8,87.8,47.5,11,5.9,4.2,high,medium,89.8
13.1,90.2,37.7,8,7.4,1.6,low,medium,100.0
5.1,86.8,88.8,12,7.7,2.3,low,low,100.0
6.2,86.0,71.2,4,6.9,0.7,medium,low,90.7
4.9,81.1,73.1,12,7.8,1.1,high,low,100.0
4.8,94.3,51.3,12,7.4,1.7,high,high,100.0
9.9,99.9,56.5,9,6.0,3.0,high,high,100.0
4.3,83.5,85.9,10,7.6,1.2,medium,low,100.0
4.8,92.4,96.1,8,6.3,2.9,low,high,100.0
2.0,91.5,60.7,7,9.1,2.8,low,high,86.9
4.1,88.1,80.1,6,7.5,1.3,medium,high,89.7
1.7,75.8,72.9,8,6.2,5.3,medium,high,84.9
7.6,77.6,68.2,9,7.4,1.0,medium,medium,90.4
13.0,81.8,97.8,9,5.9,4.7,low,low,100.0
5.1,70.9,63.2,12,7.3,0.0,medium,high,94.0
1.8,99.3,88.6,8,6.7,2.8,high,high,100.0
8.2,90.9,75.7,4,6.0,1.2,low,medium,87.5
4.2,87.8,69.7,12,6.0,2.0,medium,medium,99.2
9.2,70.5,90.6,5,9.9,5.7,low,medium,100.0
5.3,73.4,74.4,7,7.1,2.5,medium,medium,87.0
4.4,88.0,68.6,9,6.5,1.3,medium,medium,78.8
5.6,100.0,90.7,9,6.3,3.7,low,low,100.0
7.9,82.4,88.7,4,7.6,2.5,medium,medium,100.0
5.4,94.9,88.0,6,6.2,3.2,medium,medium,100.0
4.8,84.2,20.0,4,5.7,1.6,low,low,59.5
5.5,88.4,76.6,10,7.0,1.7,high,medium,99.8
2.8,97.7,73.2,11,7.0,1.8,medium,medium,100.0
7.0,85.2,69.5,5,6.5,4.2,medium,medium,91.5
1.5,82.5,79.1,10,5.9,2.7,low,low,91.4
4.9,99.3,73.9,10,6.5,1.4,medium,medium,95.2
7.9,88.4,80.2,6,6.4,3.2,low,medium,100.0
6.8,96.7,66.0,3,6.3,3.1,low,low,81.9
7.5,82.5,92.5,5,7.3,3.9,medium,high,100.0
5.8,99.3,81.7,7,9.7,2.3,high,medium,93.1
8.9,90.2,78.1,12,8.6,2.9,low,medium,100.0
8.3,91.5,77.4,8,9.3,3.6,medium,medium,100.0
7.1,89.1,87.4,5,6.3,1.5,medium,medium,100.0
8.3,84.0,85.3,8,9.0,4.3,medium,low,100.0
7.9,88.0,68.3,5,7.3,3.0,high,medium,82.2
4.9,84.5,84.9,9,8.2,1.3,low,high,100.0
2.6,95.7,72.6,6,7.5,1.3,medium,medium,95.5
7.1,86.4,98.8,6,6.6,2.9,low,high,100.0
7.4,76.0,86.5,9,7.9,2.2,low,high,100.0
8.7,74.6,60.6,12,7.6,4.1,medium,low,100.0
3.7,74.2,100.0,12,4.9,2.6,low,high,100.0
3.7,92.9,38.5,5,6.9,3.5,low,medium,78.8
7.1,78.8,79.6,7,8.0,1.7,low,medium,100.0
5.8,90.4,59.6,9,7.3,3.0,low,medium,84.2
1.3,89.1,98.2,11,7.6,5.0,low,medium,97.8
6.9,87.5,73.8,3,6.1,2.8,low,low,88.1
1.4,91.5,58.1,8,7.3,2.2,low,low,77.3
3.6,89.3,66.0,7,6.9,1.7,medium,medium,87.9
9.4,66.3,59.3,3,6.8,3.0,medium,low,80.4
10.6,85.4,65.4,5,6.2,5.1,high,low,94.1
3.0,91.4,65.1,7,8.1,1.0,high,low,83.7
5.2,100.0,58.7,8,7.4,2.9,high,high,90.4
6.1,100.0,74.1,11,7.3,0.4,medium,low,99.9
10.5,77.1,75.9,9,9.5,2.4,low,high,100.0
4.8,85.2,55.1,10,7.6,3.4,low,medium,89.5
4.8,75.5,45.1,8,8.4,0.6,high,low,83.7
9.9,100.0,74.7,6,7.3,2.3,high,low,100.0
5.1,96.1,78.0,8,6.6,3.4,medium,low,100.0
7.8,90.8,81.0,10,5.7,3.2,medium,medium,100.0
2.3,89.3,78.3,11,7.3,3.5,low,low,89.3
5.6,99.0,93.6,8,4.0,1.5,low,high,100.0
1.9,97.7,85.0,6,7.3,3.4,medium,medium,96.9
3.4,97.3,100.0,9,7.4,2.1,low,medium,100.0
8.1,91.7,100.0,9,6.7,4.1,medium,medium,100.0
5.9,85.2,43.6,11,6.9,0.0,medium,medium,97.6
5.2,94.1,37.0,6,5.5,2.6,high,high,85.3
4.1,94.5,69.9,6,8.7,3.1,high,medium,99.4
5.4,86.5,77.6,10,6.6,5.0,low,medium,100.0
6.8,85.2,68.9,7,5.8,3.1,medium,high,93.3
8.5,97.1,80.6,7,7.7,3.3,medium,high,100.0
0.0,100.0,65.9,11,7.1,3.6,medium,high,91.6
3.9,82.0,59.6,5,6.6,4.9,high,high,88.3
6.4,85.9,61.9,12,6.4,2.4,low,medium,100.0
5.8,90.8,67.0,6,7.0,0.9,low,medium,96.8
7.0,91.9,82.7,10,8.6,0.6,low,medium,100.0
6.7,83.8,62.7,8,7.6,4.0,medium,medium,100.0
5.2,100.0,65.7,9,7.0,3.3,low,high,88.4
4.7,91.4,78.6,7,8.0,2.6,low,medium,96.6
5.4,92.3,67.0,10,7.0,2.1,low,medium,91.6
8.9,100.0,86.8,7,7.5,3.3,medium,high,100.0
4.2,84.4,56.2,7,7.2,3.3,medium,low,76.2
5.8,87.3,53.0,12,7.7,3.7,low,medium,100.0
6.5,78.0,74.6,8,6.5,1.3,high,high,96.3
9.9,86.6,76.1,6,5.6,0.4,medium,low,100.0
5.2,76.1,57.0,4,8.1,1.6,low,medium,76.7
8.4,94.0,90.2,12,8.8,1.0,low,low,100.0
9.1,91.4,98.9,7,5.7,0.9,low,low,100.0
5.8,85.8,60.6,12,7.2,5.4,low,medium,100.0
5.5,87.2,92.3,9,6.5,0.0,medium,medium,100.0
5.2,94.1,34.3,8,8.1,3.7,high,medium,90.0
5.4,78.9,86.1,8,7.3,4.4,low,medium,100.0
8.1,89.6,57.1,12,10.0,4.5,low,low,100.0
6.6,93.6,84.6,3,6.6,3.4,high,high,100.0
6.6,73.7,55.6,9,8.8,5.0,medium,medium,94.2
3.2,93.5,69.0,7,9.0,5.7,medium,medium,87.6
3.6,74.6,57.8,7,7.6,2.5,medium,low,81.7
11.4,87.1,66.8,8,7.0,3.7,low,high,100.0
5.6,78.7,97.4,7,7.1,4.9,low,medium,100.0
4.1,99.4,68.4,8,7.0,1.7,high,high,99.5
9.6,78.7,100.0,8,8.4,2.6,medium,medium,94.1
6.7,74.8,64.2,5,6.0,2.1,low,high,78.5
7.4,89.1,92.4,9,6.8,3.7,high,medium,100.0
5.7,84.7,45.6,10,6.7,0.2,low,low,78.1
5.2,76.0,65.7,7,4.9,5.2,low,medium,85.4
5.6,92.2,62.0,12,8.0,3.8,high,low,100.0
2.5,72.1,93.1,11,8.3,3.9,medium,high,100.0
5.8,79.7,72.8,10,6.2,0.0,medium,medium,86.3
6.7,83.4,38.7,10,8.2,1.4,low,high,85.3
10.6,94.4,50.3,8,5.1,5.2,low,medium,100.0
6.2,98.4,54.8,11,7.0,2.7,high,medium,100.0
0.2,96.8,84.0,12,6.8,0.4,low,medium,83.3
5.8,86.8,82.1,10,7.1,3.3,high,medium,100.0
12.8,68.6,65.5,7,7.1,4.0,medium,medium,93.3
8.2,91.1,61.8,8,6.9,3.8,low,medium,97.7
4.0,99.8,80.7,9,6.5,2.8,high,medium,100.0
7.5,97.9,53.1,10,6.9,4.7,high,high,100.0
4.1,91.7,76.9,8,8.6,1.9,high,medium,94.6
2.6,78.5,75.6,7,6.3,3.8,medium,low,87.1
5.1,83.8,65.9,12,9.7,3.2,medium,medium,100.0
6.2,100.0,76.0,5,6.2,2.8,low,medium,93.7
1.3,76.7,71.5,6,7.3,2.4,low,high,78.2
3.1,78.8,77.5,5,7.7,2.5,high,high,86.5
6.0,95.5,50.0,6,6.6,3.0,high,high,84.2
5.0,84.6,79.2,11,8.7,2.6,low,medium,97.4
7.0,78.5,85.4,11,7.7,4.1,medium,high,100.0
3.0,100.0,74.8,8,6.8,2.2,high,medium,87.9
7.8,91.7,79.0,9,8.6,5.4,medium,low,100.0
3.0,84.9,68.4,8,5.8,2.1,low,high,85.0
10.1,78.8,83.4,5,6.3,4.4,low,high,100.0
1.7,100.0,71.0,12,7.7,4.4,medium,low,98.0
3.3,87.8,52.8,11,8.0,3.2,high,high,92.3
7.0,99.2,82.3,9,7.4,3.1,low,high,100.0
10.2,95.1,45.5,6,6.8,1.9,low,medium,95.3
6.8,83.8,74.2,7,6.7,2.2,medium,low,99.1
7.4,83.9,64.2,6,8.4,3.3,high,high,94.4
6.0,99.6,63.3,8,7.3,2.9,high,low,91.2
3.4,99.7,72.6,9,6.0,4.8,high,low,91.4
4.8,73.0,59.4,7,5.9,2.3,medium,medium,79.7
3.0,92.4,77.7,4,8.8,2.4,high,high,97.6
2.8,87.0,70.9,12,6.1,0.5,medium,high,100.0
7.0,79.7,60.7,9,7.3,4.0,medium,medium,93.2
3.2,90.1,90.1,9,8.6,3.8,low,high,100.0
6.8,77.2,73.1,7,7.7,4.5,medium,medium,93.7
2.7,84.3,79.5,4,6.1,4.6,low,medium,88.7
6.7,81.6,91.2,8,5.8,4.2,high,low,100.0
4.8,84.0,91.0,7,9.2,4.2,low,medium,100.0
9.5,87.4,78.7,10,5.8,3.9,low,medium,100.0
6.8,79.9,65.5,10,6.3,4.1,high,low,97.7
9.1,100.0,48.6,10,7.4,0.2,medium,medium,100.0
4.1,91.9,73.1,10,6.7,1.4,medium,low,100.0
6.1,100.0,86.4,12,7.7,1.1,medium,low,100.0
3.5,86.7,75.3,9,5.2,4.9,low,medium,88.6
5.0,83.6,20.0,11,6.7,1.8,low,low,83.7
5.3,100.0,83.1,9,7.8,2.1,medium,low,100.0
4.2,83.4,84.0,3,7.8,3.0,high,high,96.1
3.0,86.6,65.5,8,6.3,1.1,low,high,77.8
2.5,93.8,84.8,6,5.8,3.6,low,medium,85.1
0.2,78.1,79.4,9,7.3,0.0,low,low,82.0
3.4,93.7,59.7,6,5.4,1.2,medium,medium,80.6
7.6,92.7,89.1,10,8.5,3.3,low,medium,100.0
2.0,98.2,51.0,10,7.2,1.1,low,low,87.5
2.6,95.1,69.1,11,6.2,4.9,low,low,97.3
10.5,98.4,67.6,12,5.7,3.1,medium,medium,100.0
4.4,87.1,57.6,4,6.2,4.7,medium,medium,81.8
6.8,81.1,74.6,5,5.1,3.5,low,low,98.5
7.6,100.0,89.7,12,7.6,3.0,low,low,100.0
7.7,75.8,88.7,11,6.0,1.5,low,medium,100.0
2.2,76.6,80.9,9,7.5,4.4,medium,medium,81.8
5.4,92.5,44.6,8,7.6,3.7,low,medium,86.3
2.0,100.0,50.0,8,8.2,6.1,high,high,99.8
12.1,89.5,72.5,3,7.3,4.2,low,low,100.0
2.0,96.0,69.5,6,8.4,2.4,medium,high,87.1
3.4,72.0,62.5,8,8.7,3.4,low,medium,90.6
3.4,84.0,98.6,6,7.3,3.6,medium,high,100.0
2.3,73.0,71.6,7,7.4,4.7,medium,medium,68.2
9.4,94.2,78.1,12,6.3,5.0,low,medium,100.0
12.1,75.6,84.8,7,5.8,2.8,low,medium,100.0
4.8,77.8,70.8,9,8.5,1.2,low,medium,86.4
2.7,92.1,100.0,9,7.7,0.2,medium,medium,100.0
0.4,96.5,55.9,9,7.8,1.3,high,low,84.6
5.4,86.7,60.9,7,6.3,2.1,medium,medium,82.0
5.2,92.6,55.9,11,8.9,5.3,medium,high,98.6
4.4,92.3,93.4,9,6.7,5.3,low,medium,100.0
6.6,86.3,82.0,5,6.0,4.4,medium,low,96.5
7.0,79.2,61.8,8,6.3,4.8,medium,high,90.9
6.8,92.5,57.0,8,8.9,1.9,low,high,85.4
5.2,92.9,90.8,7,5.7,0.7,low,medium,97.1
3.2,95.2,75.4,9,6.1,1.5,low,medium,87.8
7.7,90.5,91.2,10,10.0,0.0,low,medium,100.0
6.0,78.7,69.1,9,8.1,1.3,high,medium,100.0
8.2,93.5,77.7,9,6.1,2.2,low,high,100.0
8.0,88.0,74.5,8,5.7,3.3,low,medium,94.5
2.4,84.1,60.6,3,5.0,3.2,low,medium,60.2
2.4,85.6,67.8,10,7.1,2.0,low,high,89.3
4.1,82.5,52.2,9,7.9,3.9,low,medium,76.3
3.4,95.1,77.4,6,8.8,2.0,low,high,90.3
7.9,76.7,81.4,9,4.7,3.0,low,medium,99.8
6.9,80.1,84.9,10,5.4,1.3,low,low,100.0
8.7,85.4,80.0,11,6.9,4.6,medium,high,100.0
7.0,100.0,68.1,9,10.0,3.0,medium,low,99.6
6.5,96.4,93.3,9,8.1,4.0,medium,medium,100.0
9.0,74.9,83.4,10,7.4,1.2,low,low,100.0
7.2,98.8,90.8,7,5.5,3.3,low,medium,93.3
6.2,98.8,91.8,9,4.5,3.9,high,low,100.0
9.7,78.6,68.1,6,7.0,0.0,low,high,92.0
6.3,67.8,75.8,11,6.9,4.8,medium,high,100.0
5.2,87.4,81.6,4,6.7,1.1,low,low,91.5
3.9,97.0,52.8,10,6.5,3.3,low,medium,93.3
7.8,100.0,53.1,8,6.1,5.7,medium,medium,90.7
9.1,81.0,50.5,10,5.8,4.4,medium,high,100.0
5.9,100.0,68.4,6,8.7,0.8,low,medium,97.1
9.3,70.2,65.0,8,5.9,2.7,medium,high,83.4
1.1,85.1,48.5,8,6.7,4.9,low,high,75.4
5.9,84.7,72.2,9,7.0,1.8,medium,medium,100.0
5.9,97.2,68.6,5,7.8,2.5,high,medium,86.5
4.2,98.4,87.7,10,6.0,2.4,medium,medium,100.0
12.0,95.6,100.0,3,8.2,3.9,low,medium,100.0
5.8,77.2,76.8,6,6.3,0.7,low,medium,97.7
5.0,94.9,59.6,4,6.8,3.9,medium,medium,80.3
6.1,92.1,79.7,10,9.0,2.1,low,medium,100.0
1.0,74.6,70.1,9,5.8,3.0,high,high,85.8
4.1,71.5,66.4,9,7.9,2.7,high,medium,72.5
8.5,96.3,57.1,12,8.2,3.9,low,medium,100.0
4.4,86.6,63.0,7,7.4,3.0,high,medium,89.6
3.9,77.7,67.3,10,6.9,5.2,low,low,71.8
9.3,86.3,82.1,8,9.6,4.5,low,low,100.0
9.4,90.9,77.7,8,7.0,1.8,high,medium,100.0
7.3,87.3,97.4,11,7.2,5.0,medium,medium,100.0
4.9,75.6,80.1,12,6.6,3.5,medium,high,100.0
5.4,100.0,76.4,7,7.2,3.3,high,low,95.6
4.0,96.0,65.4,10,8.2,4.3,low,medium,95.5
3.5,85.3,54.4,9,6.7,1.4,medium,high,90.6
3.4,85.6,61.5,9,4.5,0.9,high,low,84.2
4.5,90.9,59.5,9,7.6,3.0,high,high,83.0
3.4,79.0,31.6,7,5.7,2.1,medium,medium,68.2
2.1,90.6,54.9,0,7.9,6.1,low,high,66.6
6.5,77.4,94.0,12,7.0,1.9,high,medium,100.0
6.6,87.4,75.5,6,8.1,3.1,low,high,95.5
10.3,78.7,64.4,7,5.9,3.3,high,medium,94.8
4.3,79.1,76.0,7,6.4,4.8,low,medium,82.3
6.7,100.0,40.7,6,6.6,1.5,low,high,94.5
6.8,88.5,74.2,9,5.2,0.6,low,low,97.3
5.4,89.7,89.2,8,8.3,5.1,medium,medium,100.0
7.9,71.9,68.2,6,5.0,3.1,low,medium,97.2
7.9,83.2,43.4,8,8.3,4.2,low,high,86.8
6.8,91.7,63.8,8,7.5,4.3,high,high,95.5
5.4,89.6,89.2,10,6.8,4.5,low,high,100.0
5.1,70.8,73.9,5,7.4,2.4,medium,low,84.9
2.6,89.7,48.7,6,7.4,2.0,medium,high,68.8
4.0,90.9,100.0,10,6.5,0.0,medium,high,100.0
4.4,98.3,51.2,6,7.4,1.5,medium,medium,86.7
3.2,82.8,66.4,6,7.9,3.1,high,low,75.0
7.1,70.1,54.4,7,5.9,1.9,medium,medium,75.9
9.0,80.0,54.5,8,7.4,1.3,medium,low,94.8
3.7,79.2,63.2,8,4.0,3.1,low,medium,92.3
6.7,93.9,79.5,7,4.7,5.0,medium,low,95.6
3.4,66.3,89.4,5,7.7,2.9,low,medium,86.7
5.2,84.4,64.2,10,6.5,1.3,medium,medium,89.8
4.3,99.4,54.8,11,6.0,4.9,medium,medium,95.5
7.5,88.1,77.2,3,6.9,1.8,medium,high,90.7
4.3,95.2,77.6,4,6.5,5.2,medium,low,84.6
8.5,74.9,73.6,11,5.8,2.6,medium,medium,100.0
5.4,75.2,74.1,12,5.0,3.2,low,high,99.2
4.4,99.5,68.3,3,4.6,5.3,medium,medium,71.7
2.9,88.8,71.5,10,7.9,1.0,high,medium,99.2
6.6,88.8,67.3,12,6.5,1.4,medium,high,100.0
8.2,79.1,86.1,6,8.2,2.5,low,medium,100.0
6.7,88.8,100.0,12,6.5,2.8,medium,high,100.0
11.6,78.8,72.7,8,7.4,7.0,low,high,100.0
9.6,97.5,69.9,9,6.8,1.7,medium,medium,100.0
5.2,100.0,73.8,6,7.1,1.0,low,high,94.9
5.2,91.9,60.1,11,7.1,1.6,medium,medium,93.5
7.2,82.9,81.5,10,6.5,3.3,high,high,100.0
3.9,67.7,76.6,12,5.5,3.7,low,medium,99.5
8.9,74.5,63.7,12,7.9,1.9,medium,high,100.0
6.9,100.0,83.5,8,8.9,3.0,low,medium,100.0
6.6,79.8,70.3,12,9.0,5.9,low,medium,98.9
7.7,85.0,55.4,11,6.3,3.1,medium,high,95.5
10.3,93.2,75.3,9,6.1,3.5,medium,high,100.0
6.4,99.9,73.6,6,6.3,5.8,high,medium,100.0
5.7,86.4,84.4,4,6.8,2.0,low,low,89.5
9.8,84.8,82.5,4,6.9,1.9,low,high,100.0
8.4,88.6,68.4,6,5.8,2.3,medium,medium,100.0
5.2,83.0,62.9,11,5.2,2.2,medium,low,90.9
6.0,83.4,70.0,9,7.1,0.3,medium,medium,100.0
6.5,91.3,75.4,6,4.0,3.2,medium,high,98.8
6.9,89.5,77.3,8,6.9,3.3,high,high,100.0
2.6,100.0,74.5,7,5.9,2.7,low,medium,93.5
2.1,91.5,68.6,10,7.9,3.4,high,high,90.6
3.8,97.2,85.0,6,8.3,3.4,high,medium,91.6
3.6,79.4,59.9,9,8.3,1.0,low,medium,87.4
4.4,92.2,100.0,9,6.6,3.4,low,high,96.9
7.6,82.2,81.4,6,5.6,3.8,medium,medium,99.7
5.6,91.2,53.1,12,6.0,0.6,medium,medium,88.7
6.5,93.5,72.8,7,7.3,5.2,low,low,100.0
2.9,88.4,81.6,6,5.0,1.1,low,low,80.2
4.8,100.0,64.8,10,8.7,1.3,medium,medium,100.0
7.5,99.4,47.6,8,6.6,3.3,high,high,96.1
7.5,97.4,54.4,9,7.6,3.8,high,medium,98.8
4.2,94.1,78.1,5,4.9,4.2,high,medium,95.1
6.4,100.0,43.7,10,5.9,3.8,medium,medium,94.2
11.5,76.5,48.3,12,4.7,2.2,medium,high,100.0
6.0,99.0,78.1,5,8.2,3.2,low,medium,93.3
4.3,80.1,66.7,9,6.8,2.5,medium,high,88.6
5.6,83.5,59.6,6,7.7,3.3,high,medium,100.0
6.2,92.5,62.6,12,7.1,3.1,high,medium,94.4
5.6,97.9,47.9,11,7.6,2.2,medium,low,86.1
5.9,78.8,77.3,9,6.6,2.5,low,low,100.0
2.4,83.9,57.9,5,6.8,0.2,low,medium,79.5
3.6,88.8,62.0,6,6.9,4.2,medium,high,77.8
5.6,86.5,75.2,10,7.5,3.4,low,low,86.8
5.6,94.8,66.2,5,7.5,0.0,low,medium,95.2
4.6,100.0,59.4,5,10.0,4.2,high,medium,83.3
5.6,91.4,40.2,8,9.0,2.9,low,medium,81.5
6.2,82.1,75.5,8,4.9,1.6,low,high,96.3
8.2,77.6,71.2,9,6.8,1.5,low,medium,92.6
5.8,85.4,62.2,7,6.5,2.0,low,high,94.8
7.0,80.5,54.4,10,8.5,1.6,low,high,96.7
4.6,91.7,70.2,6,6.6,1.8,low,high,84.2
7.4,91.6,77.2,10,7.6,5.6,medium,medium,100.0
6.9,84.3,71.5,9,4.2,3.6,medium,high,100.0
8.2,100.0,94.6,10,5.2,6.1,medium,high,100.0
7.8,82.1,80.6,11,9.5,3.3,high,low,100.0
7.5,87.0,68.4,7,7.1,3.9,medium,medium,95.9
5.8,93.1,81.1,6,5.8,1.7,medium,high,87.7
6.6,95.1,70.7,4,7.3,2.7,medium,medium,95.7
8.7,98.2,70.7,3,5.7,2.9,medium,medium,100.0
4.4,91.4,89.4,8,6.7,3.9,low,medium,100.0
4.4,96.4,56.5,8,5.3,2.9,high,high,78.9
6.5,82.7,70.3,5,6.1,3.5,medium,low,67.7
7.0,95.3,87.8,6,6.5,3.5,medium,medium,100.0
3.9,95.2,74.6,12,8.3,2.5,medium,medium,99.6
5.8,100.0,64.5,10,7.6,2.4,high,low,92.7
5.8,74.7,44.4,5,7.8,2.0,medium,low,73.7
0.5,80.7,35.9,7,7.0,4.6,medium,medium,60.8
5.5,94.6,100.0,9,8.0,2.5,medium,high,100.0
5.6,66.8,74.6,6,6.0,3.5,medium,high,87.2
5.6,91.9,61.2,6,6.1,2.8,low,high,91.6
9.5,96.5,75.2,7,7.5,4.6,high,high,100.0
3.0,83.4,55.8,11,6.7,0.0,high,low,86.9
3.9,84.6,65.0,11,7.0,3.5,low,medium,94.8
0.0,79.4,55.9,6,6.8,1.1,low,low,55.2
4.8,83.8,48.8,9,8.5,3.6,high,medium,88.2
5.0,84.1,38.4,8,8.6,2.8,low,high,83.1
4.7,82.5,46.0,5,6.2,0.8,low,low,69.9
8.8,82.1,85.3,7,4.9,3.5,low,medium,97.1
8.2,85.8,55.2,5,6.1,3.3,low,medium,81.6
6.2,85.7,78.0,11,5.9,2.7,medium,low,99.4
5.1,100.0,84.3,12,8.0,2.8,medium,high,100.0
8.6,84.8,70.2,7,8.1,3.2,medium,medium,100.0
6.0,90.8,65.5,6,5.8,4.8,low,medium,96.8
4.0,83.4,72.0,11,6.1,2.5,medium,high,86.7
1.7,83.3,63.8,11,5.2,4.5,low,low,76.4
4.9,74.4,88.1,5,7.2,2.9,medium,medium,94.3
7.9,75.4,98.1,8,6.9,4.9,medium,high,100.0
11.7,78.3,91.7,8,7.9,2.6,high,medium,100.0
6.2,89.5,37.7,6,7.6,2.0,high,medium,83.2
4.1,96.6,63.4,9,7.7,1.4,medium,medium,86.4
3.0,73.7,70.1,6,5.1,2.9,medium,medium,80.0
7.4,83.6,76.9,7,6.2,1.8,medium,low,91.0
1.6,77.1,44.1,8,8.1,5.1,medium,high,74.5
7.4,85.9,43.8,4,6.4,1.7,medium,medium,72.4
8.0,96.6,89.6,3,5.0,2.0,high,high,92.9
7.1,84.4,61.6,10,8.0,3.9,high,low,100.0
5.5,87.6,47.7,6,6.3,4.8,medium,high,83.0
7.4,99.6,53.4,12,8.3,4.1,medium,high,100.0
6.4,91.7,75.9,12,7.0,4.6,low,low,100.0
4.1,81.9,57.7,7,6.7,2.9,low,medium,70.1
10.6,89.3,73.6,12,8.6,2.9,medium,high,100.0
5.1,81.4,55.3,10,5.4,6.0,high,medium,82.7
7.9,91.4,43.8,6,8.7,5.5,high,high,91.5
0.0,92.1,91.4,2,6.2,4.1,high,low,65.2
9.2,77.1,76.0,10,7.2,4.7,medium,high,98.7
9.7,89.4,65.0,8,7.2,4.3,medium,medium,98.2
6.1,87.1,62.2,9,6.5,1.2,medium,medium,90.5
7.4,92.4,92.0,7,6.1,2.9,medium,medium,100.0
7.4,94.7,78.9,5,6.6,5.2,low,medium,91.1
4.4,91.8,87.2,7,5.8,4.1,medium,medium,97.0
7.4,85.6,61.2,10,9.4,2.9,low,low,100.0
4.0,95.5,70.8,7,6.4,5.3,medium,high,94.2
4.5,81.0,76.0,7,8.4,3.6,high,medium,93.1
8.8,77.4,61.7,4,8.2,4.1,medium,medium,91.7
8.4,62.4,68.6,8,7.4,3.6,low,high,86.5
4.2,87.4,61.2,5,6.8,3.8,medium,high,89.3
4.2,81.4,76.0,10,7.2,3.9,medium,high,90.9
4.4,91.2,50.2,6,7.7,4.9,medium,low,88.7
7.8,72.2,78.6,7,7.1,5.1,low,high,100.0
3.5,82.8,74.7,12,5.1,2.3,medium,low,96.9
6.9,91.8,67.0,7,4.8,3.5,high,medium,99.4
7.9,79.8,76.7,7,8.8,4.9,low,high,100.0
5.8,91.3,64.5,9,4.0,2.8,medium,low,86.9
8.5,83.5,59.9,4,7.2,1.0,high,low,82.0
5.2,87.7,78.2,11,6.7,1.6,medium,medium,100.0
5.5,92.8,78.8,10,7.2,1.7,high,medium,100.0
3.6,95.6,62.4,9,5.6,2.3,medium,medium,83.1
8.5,88.7,61.1,0,7.4,1.9,medium,high,87.9
4.1,81.5,67.3,7,7.2,4.5,medium,high,90.6
6.9,84.3,61.7,5,10.0,2.6,low,high,88.8
5.8,93.1,92.9,11,7.2,4.9,low,low,100.0
3.4,79.8,74.7,11,8.6,1.3,medium,medium,99.6
4.5,86.6,70.2,9,5.2,2.5,low,high,98.1
9.5,84.9,56.0,5,8.2,3.2,low,low,91.7
6.5,87.2,81.1,12,7.3,4.2,high,medium,100.0
3.5,79.9,60.8,7,7.3,4.7,low,low,74.3
6.8,73.2,60.2,12,7.3,2.2,low,low,97.2
5.6,92.2,81.6,9,9.0,4.5,medium,low,97.9
14.6,95.7,75.8,9,7.3,0.5,low,medium,100.0
6.7,73.7,32.4,7,6.1,4.3,medium,medium,81.4
5.0,91.0,67.6,12,6.3,1.0,low,low,90.1
9.6,96.7,71.9,10,8.0,3.7,medium,medium,100.0
1.4,92.8,64.9,12,7.5,4.7,medium,low,96.9
6.2,84.7,72.4,8,5.2,4.3,medium,low,82.5
11.0,80.5,42.9,8,7.6,0.5,low,high,93.8
5.7,88.6,27.5,9,5.7,2.3,medium,medium,73.0
1.7,90.0,55.4,12,7.5,4.1,low,high,83.7
5.0,88.8,74.2,11,6.0,4.0,medium,medium,100.0
9.6,86.6,21.6,8,6.7,3.4,low,low,81.5
6.9,79.3,57.3,3,6.3,0.0,low,high,83.3
3.9,91.4,41.2,10,8.8,4.8,low,low,87.3
4.3,91.8,66.4,4,7.5,5.1,low,medium,79.2
4.6,89.6,99.4,8,8.5,3.2,low,medium,100.0
6.9,88.9,66.7,8,10.0,3.3,low,medium,100.0
9.3,100.0,68.4,4,7.1,3.8,high,high,100.0
8.6,83.0,82.6,9,8.8,5.2,medium,high,100.0
7.1,98.3,70.3,12,6.2,3.4,medium,low,100.0
2.7,82.1,66.8,7,8.5,2.7,low,low,80.9
2.7,96.9,83.9,10,6.0,3.6,low,medium,100.0
7.3,97.9,77.1,12,7.0,3.0,high,low,100.0
2.6,85.7,74.3,10,7.6,3.0,low,medium,100.0
5.4,100.0,67.9,6,7.8,0.4,high,medium,98.4
6.8,91.8,64.8,9,5.5,3.8,medium,high,97.3
3.2,81.0,83.8,9,6.0,4.8,medium,high,93.6
3.4,85.0,65.0,12,7.7,4.5,medium,medium,93.9
5.8,97.1,88.5,11,6.6,4.4,medium,low,100.0
7.3,95.4,54.3,1,5.3,2.9,high,high,87.0
8.7,79.5,91.5,6,6.9,3.2,medium,low,100.0
7.5,86.9,77.1,8,6.9,4.8,low,low,100.0
6.2,89.6,55.5,5,7.2,4.3,medium,medium,83.1
4.1,83.9,77.6,0,7.6,5.2,low,medium,75.5
3.3,100.0,60.2,6,7.6,2.0,low,low,79.7
4.7,89.9,70.5,8,6.1,2.0,medium,medium,100.0
7.0,87.5,62.7,7,6.5,2.5,low,low,80.1
6.8,97.5,68.0,6,8.1,1.6,high,high,100.0
0.8,85.1,84.1,8,6.3,1.0,high,medium,90.5
4.0,96.1,77.8,9,6.5,3.7,low,high,91.5
9.0,74.7,53.1,7,5.2,3.6,low,medium,100.0
6.2,84.4,54.0,11,7.0,3.4,medium,medium,89.6
2.5,96.4,74.1,8,7.4,3.5,low,high,92.6
11.9,100.0,75.1,6,4.6,0.8,low,medium,100.0
5.9,81.8,59.9,5,5.7,2.3,high,low,80.2
7.0,80.9,93.9,7,5.3,2.6,low,medium,100.0
7.0,92.5,82.2,11,7.9,3.1,low,low,100.0
5.1,83.0,60.6,6,4.7,0.8,medium,medium,81.1
4.2,85.9,59.2,9,6.9,1.6,low,high,96.2
11.3,95.0,66.6,8,7.9,2.3,high,high,100.0
8.5,83.6,65.0,12,7.2,4.6,high,medium,92.7
8.1,72.3,88.8,9,6.5,3.4,low,medium,100.0
7.4,77.6,84.8,6,7.4,4.5,low,medium,98.1
3.5,88.1,70.5,10,8.2,2.8,high,low,95.5
9.2,73.1,80.2,10,6.9,3.0,medium,medium,100.0
3.9,85.6,82.3,7,4.3,3.7,medium,medium,84.5
6.7,76.9,70.9,5,8.4,2.7,low,medium,87.3
1.9,100.0,76.0,9,7.5,2.1,medium,low,100.0
0.9,100.0,78.9,8,7.0,0.8,low,medium,88.8
6.8,79.5,77.3,4,4.6,2.1,medium,medium,91.7
4.0,90.1,58.3,9,6.6,4.3,medium,medium,81.0
1.0,80.3,59.8,6,5.9,4.9,medium,high,72.6
7.4,85.5,65.7,4,5.5,1.8,medium,high,83.3
11.3,100.0,59.4,7,6.8,0.4,medium,medium,100.0
9.5,84.3,47.9,11,6.4,4.4,medium,low,88.6
5.4,85.7,80.1,11,6.4,3.1,medium,medium,100.0
6.0,80.5,75.2,10,7.9,1.0,low,medium,100.0
8.2,97.2,49.9,9,7.3,0.0,medium,medium,99.0
8.8,61.9,66.4,9,6.4,1.6,high,medium,83.5
5.1,84.5,67.2,8,6.3,2.3,low,low,75.7
6.1,87.6,72.7,5,6.5,1.3,high,medium,93.2
6.8,82.7,53.8,6,6.7,4.0,high,high,82.8
7.4,94.9,49.7,6,7.7,1.8,medium,low,84.6
5.7,97.6,77.8,12,5.7,3.0,low,medium,100.0
5.7,76.7,47.0,11,8.8,6.6,medium,high,84.9
9.4,100.0,66.5,5,7.7,3.2,low,low,91.2
9.0,76.6,65.1,8,4.0,2.8,low,high,95.9
7.2,98.3,68.2,7,7.1,2.9,low,high,88.4
10.3,89.2,73.8,8,8.2,4.0,medium,medium,100.0
5.0,84.0,94.0,7,7.5,3.8,medium,medium,95.1
10.1,84.7,46.0,12,6.5,1.5,medium,high,100.0
7.4,87.7,83.1,8,6.9,2.4,low,low,100.0
14.2,89.7,32.3,9,7.2,2.0,medium,medium,96.7
3.0,80.6,90.9,9,7.9,2.6,medium,medium,98.6
4.3,86.1,39.4,5,5.3,5.7,medium,high,74.8
7.0,81.8,100.0,8,6.3,3.9,low,medium,100.0
7.0,78.3,64.2,11,9.0,2.9,low,high,99.6
10.9,81.5,89.4,12,7.0,4.9,low,low,100.0
4.3,78.8,86.3,5,8.8,3.3,medium,low,93.2
8.3,84.6,63.5,4,10.0,0.5,medium,high,99.0
8.9,91.5,64.6,8,6.4,5.5,medium,medium,92.8
7.8,89.0,57.4,11,5.6,2.8,medium,medium,99.8
3.6,100.0,81.8,9,6.7,0.0,low,medium,95.1
9.5,70.3,63.6,10,8.3,0.6,low,low,92.9
9.1,91.8,57.7,5,8.5,4.7,low,medium,89.2
7.5,88.1,78.1,7,9.7,0.6,medium,medium,100.0
6.5,94.5,56.5,3,7.0,5.0,medium,high,87.0
6.6,93.7,65.1,8,7.6,3.1,low,low,99.3
5.8,86.7,71.6,3,6.1,4.1,medium,medium,89.1
7.6,89.4,60.4,11,4.0,2.6,low,high,100.0
6.1,82.0,62.6,12,7.0,3.8,low,high,99.9
3.9,92.9,93.0,8,5.6,3.5,medium,medium,98.2
3.4,73.0,66.9,4,7.8,2.9,low,medium,73.8
4.1,94.2,64.6,9,4.7,1.4,low,high,86.3
6.6,87.8,67.4,12,6.1,3.5,medium,high,100.0
5.9,84.1,76.8,9,7.3,0.3,medium,high,100.0
6.5,86.1,54.5,11,7.4,4.4,low,medium,100.0
7.3,86.7,76.4,7,6.9,3.3,medium,medium,97.3
4.4,98.4,73.8,6,9.2,3.7,low,high,90.2
9.7,100.0,43.2,8,8.9,0.0,high,high,100.0
5.3,97.8,96.9,3,6.2,1.3,medium,medium,85.0
4.9,83.5,91.9,12,8.9,2.2,low,low,100.0
7.2,93.0,58.0,8,9.1,4.0,medium,high,91.3
1.4,93.4,53.2,10,6.9,1.6,low,medium,85.9
4.0,80.6,73.4,7,7.1,6.8,medium,low,82.5
8.5,77.9,48.6,4,6.9,2.6,low,low,81.1
1.7,87.5,90.5,12,6.2,1.5,medium,low,100.0
8.8,94.5,63.0,5,6.3,2.7,low,medium,89.2
9.8,75.1,94.3,9,8.6,1.6,medium,low,100.0
5.1,82.2,57.6,9,7.5,1.2,high,medium,91.6
6.7,92.6,68.3,8,6.3,4.5,low,high,100.0
8.8,88.3,89.0,6,5.9,3.8,medium,low,100.0
4.8,99.3,65.2,8,6.1,3.8,medium,low,90.6
8.2,76.7,74.1,6,6.8,4.9,medium,low,93.1
4.3,100.0,86.4,10,8.1,3.7,low,high,100.0
4.8,75.7,61.7,9,6.0,1.4,medium,medium,88.3
4.0,71.8,51.1,8,8.1,4.1,medium,low,74.6
6.9,87.5,48.1,7,7.2,1.3,high,low,94.0
8.9,78.9,78.8,12,7.2,2.3,medium,low,100.0
5.5,87.7,75.8,5,8.2,2.9,medium,medium,83.3
2.8,87.4,85.9,4,8.0,2.8,low,medium,84.2
3.3,86.4,65.9,8,5.3,0.3,low,medium,86.6
7.0,81.3,48.5,7,5.7,1.5,medium,medium,78.8
10.6,91.5,34.7,11,6.7,3.0,medium,medium,92.6
7.0,85.5,100.0,10,7.4,2.1,high,high,100.0
5.0,96.8,77.9,8,8.6,4.7,medium,medium,100.0
7.9,86.6,72.1,9,7.1,4.9,low,high,100.0
5.4,80.3,74.2,9,9.0,1.3,low,high,100.0
5.1,74.5,48.5,12,6.2,3.1,medium,medium,100.0
3.6,86.6,58.1,9,6.4,5.4,low,low,77.8
9.5,77.8,96.1,6,6.6,2.8,low,medium,100.0
0.0,77.2,79.9,8,6.0,2.4,low,low,71.5
8.0,92.2,58.5,1,8.4,4.3,medium,medium,95.0
4.8,73.8,51.6,8,4.0,2.6,low,medium,84.9
5.0,99.3,62.3,11,6.4,4.9,high,medium,100.0
10.2,89.3,65.3,10,8.4,2.1,high,medium,100.0
4.2,87.6,100.0,9,6.6,2.3,low,medium,100.0
4.3,79.7,67.2,10,8.3,4.2,medium,low,85.2
5.7,94.1,52.2,11,9.6,3.2,medium,low,98.2
7.0,88.0,69.1,12,7.1,3.2,high,medium,98.1
4.9,82.5,74.0,9,8.4,0.1,medium,low,95.8
2.1,89.6,50.8,7,9.9,2.5,low,high,78.6
3.8,74.5,76.0,2,7.5,4.3,low,medium,71.6
9.2,74.9,88.1,10,6.9,1.8,high,high,100.0
6.2,79.0,72.1,9,8.1,4.1,high,high,100.0
7.1,90.8,58.0,8,8.4,3.4,medium,medium,95.2
5.3,88.0,62.1,6,7.0,2.7,medium,medium,91.5
4.4,96.4,45.1,10,6.4,5.0,medium,high,100.0
10.2,80.6,68.0,7,9.1,2.5,medium,low,100.0
5.5,92.6,74.7,8,6.7,2.6,medium,medium,86.1
4.9,87.1,56.6,8,8.4,2.7,low,medium,77.8
8.7,80.5,99.1,9,7.3,3.1,low,high,100.0
4.2,91.1,81.9,5,9.2,4.2,medium,high,100.0
4.5,87.5,43.1,9,6.0,0.8,low,medium,82.4
6.0,83.0,43.4,6,6.0,4.3,high,medium,83.8
6.0,88.3,55.2,6,8.0,3.1,high,medium,88.8
6.6,87.0,93.6,10,5.6,3.8,low,medium,100.0
11.2,86.8,83.4,6,7.1,6.6,high,medium,100.0
6.8,84.7,94.4,10,8.9,2.2,medium,high,100.0
0.1,77.6,70.2,8,4.9,1.2,medium,low,76.5
6.8,88.6,66.9,4,7.5,3.3,low,low,76.3
6.1,81.6,51.3,11,8.5,3.5,medium,low,95.2
6.1,79.8,75.2,9,7.0,4.3,high,medium,97.1
6.6,86.1,67.1,9,5.9,2.2,medium,high,99.0
5.9,93.9,66.5,11,6.7,1.8,medium,medium,100.0
5.9,89.5,94.3,12,6.0,0.7,low,medium,100.0
7.5,83.8,68.1,9,7.1,0.9,low,high,100.0
4.6,83.4,90.0,10,6.7,2.4,medium,low,99.6
3.6,93.1,46.2,9,6.4,2.8,medium,high,85.8
13.6,68.8,100.0,7,7.6,6.1,high,high,100.0
4.2,94.4,64.4,4,8.9,0.5,medium,high,98.0
6.3,73.0,80.6,9,7.4,3.5,low,medium,96.1
2.3,76.7,83.0,11,8.6,1.9,low,medium,92.3
6.3,83.9,62.5,9,8.9,3.3,low,medium,92.9
3.7,100.0,82.3,5,6.3,2.2,low,low,91.7
4.9,100.0,83.1,11,7.3,4.6,low,low,100.0
8.6,93.7,59.3,7,6.5,4.5,medium,low,84.8
7.2,90.9,59.5,3,5.2,2.8,medium,high,91.5
7.4,73.1,70.7,11,7.4,5.2,high,medium,100.0
1.6,89.3,68.3,6,5.7,4.1,high,medium,86.9
10.6,83.6,90.9,12,7.6,5.1,low,medium,100.0
3.0,81.5,80.5,11,5.1,2.9,medium,medium,95.2
9.8,89.2,68.9,7,7.2,4.4,low,low,100.0
8.6,84.2,79.1,9,5.1,1.8,low,medium,100.0
7.4,95.0,39.3,12,7.8,1.7,low,medium,89.3
3.9,72.5,60.8,11,6.5,6.3,low,high,85.1
6.4,88.6,74.3,9,6.4,1.4,medium,low,96.5
4.8,81.0,86.7,12,8.4,2.3,medium,high,100.0
6.1,84.7,73.0,8,6.6,0.2,medium,medium,92.8
5.4,90.4,91.9,9,7.1,1.7,medium,medium,100.0
0.9,79.1,83.0,6,6.8,1.5,medium,low,75.7
8.8,89.3,62.7,4,7.6,2.0,medium,medium,94.9
5.8,86.3,67.9,7,8.3,3.4,high,medium,94.9
4.8,82.7,76.1,8,8.0,3.8,medium,low,83.7
4.6,84.2,63.3,9,6.4,1.5,low,high,82.6
6.9,86.8,93.0,4,8.5,1.8,medium,medium,100.0
3.8,81.9,53.4,10,5.9,4.6,medium,low,82.5
0.4,88.1,74.7,6,6.1,5.6,low,medium,77.3
7.0,85.8,81.0,10,6.8,4.9,high,low,100.0
7.3,83.1,65.3,10,8.3,0.5,high,high,100.0
5.5,100.0,61.9,7,5.6,4.8,high,low,93.4
3.1,91.3,68.9,6,8.1,5.8,low,medium,86.0
6.2,84.9,82.2,12,6.9,0.5,low,medium,100.0
2.3,89.2,62.5,10,6.5,4.6,low,low,94.0
3.4,79.8,54.0,8,8.3,3.3,high,medium,78.0
4.1,84.5,87.3,12,6.0,2.5,medium,medium,100.0
8.1,85.4,76.0,8,9.7,3.2,medium,high,100.0
5.1,78.0,85.1,6,6.8,3.7,high,medium,100.0
4.9,91.1,81.4,5,7.2,4.7,low,low,88.0
10.9,84.0,100.0,8,8.9,4.7,low,medium,100.0
6.9,85.2,86.7,10,7.2,0.7,medium,medium,100.0
6.8,83.5,59.1,11,8.4,2.0,low,medium,99.8
5.1,100.0,77.1,8,4.7,3.1,medium,high,100.0
4.5,82.7,61.6,11,6.5,5.4,medium,low,88.0
0.5,71.5,63.2,7,7.5,0.0,medium,medium,69.3
8.4,75.2,48.8,6,8.3,2.1,high,medium,83.1
7.1,94.1,65.7,5,7.9,0.7,low,low,87.6
5.6,98.7,78.2,7,7.8,0.9,medium,medium,100.0
5.7,82.5,69.0,5,8.3,4.5,high,low,89.7
7.8,98.2,53.5,12,7.6,2.2,low,high,100.0
2.1,93.9,47.2,9,4.4,0.0,medium,medium,77.9
4.5,86.5,100.0,8,8.7,2.8,high,medium,100.0
3.2,85.9,74.9,12,6.0,6.1,low,medium,100.0
10.4,89.4,57.6,5,7.4,0.3,low,medium,98.2
8.2,95.0,76.9,8,7.2,3.8,low,medium,100.0
0.5,91.2,100.0,12,7.1,5.4,low,medium,100.0
2.2,82.6,79.3,8,5.7,2.9,low,high,84.9
5.7,86.6,28.2,12,4.7,5.9,low,medium,84.7
4.8,100.0,100.0,10,5.8,2.0,medium,medium,100.0
2.7,90.0,42.3,11,8.0,5.2,medium,medium,96.9
10.9,95.0,66.9,11,5.3,4.8,low,medium,100.0
6.8,92.3,53.0,8,5.9,3.0,medium,medium,86.8
7.2,90.2,58.9,7,7.5,0.8,low,low,82.6
4.3,88.9,74.3,8,5.8,1.5,medium,medium,88.8
7.8,95.2,38.9,6,6.3,0.0,low,high,78.6
5.0,93.7,68.6,8,7.1,3.9,low,medium,90.2
5.3,90.1,87.2,8,7.3,3.7,high,medium,97.6
7.5,82.4,57.4,12,5.7,3.1,medium,high,99.3
1.9,91.1,49.1,9,7.2,2.8,medium,medium,79.0
10.0,87.5,67.9,12,7.5,5.0,medium,medium,100.0
6.5,85.5,64.9,3,5.5,3.4,medium,low,78.2
9.2,100.0,61.1,5,7.3,2.2,low,low,89.2
3.3,75.7,52.2,7,6.1,3.2,medium,low,80.5
3.7,95.7,77.8,12,7.1,6.1,high,medium,100.0
3.1,81.1,78.9,8,7.9,3.9,high,medium,88.7
6.6,89.0,54.0,4,6.8,2.4,medium,high,80.0
6.2,100.0,56.1,7,8.1,2.9,low,low,81.9
4.8,80.3,72.0,5,7.9,3.7,medium,low,74.7
3.5,82.2,55.5,5,8.1,2.4,medium,medium,81.9
2.8,87.9,72.7,12,7.5,2.2,low,low,99.6
5.9,81.2,92.0,7,8.3,3.0,medium,medium,97.9
4.8,95.1,69.1,8,7.5,5.3,low,low,100.0
4.3,83.7,51.8,8,5.0,4.2,medium,low,81.8
9.9,93.2,75.9,7,6.0,2.4,medium,medium,100.0
5.8,77.4,67.3,6,6.7,4.3,low,medium,90.3
9.2,73.5,67.7,7,6.9,3.0,medium,low,98.2
4.7,86.2,77.1,9,7.4,3.5,low,medium,96.4
6.6,75.5,80.4,12,6.0,3.4,low,medium,100.0
5.9,100.0,70.5,10,9.4,0.0,medium,low,100.0
1.8,75.8,69.1,5,6.9,0.0,medium,high,66.9
9.6,79.7,100.0,10,7.0,3.3,high,medium,100.0
5.7,91.3,88.0,9,6.2,1.7,medium,low,100.0
7.9,83.3,82.5,6,5.8,0.5,high,medium,96.4
4.1,75.9,72.0,8,6.8,1.8,low,low,74.5
5.6,100.0,54.9,9,7.0,4.4,medium,low,98.3
3.8,80.0,86.9,8,6.9,3.5,low,high,97.0
9.1,86.4,72.2,9,9.0,4.2,medium,low,100.0
6.8,86.3,61.3,6,6.8,3.7,medium,high,90.0
6.9,93.7,66.4,12,6.9,1.6,low,high,100.0
9.4,91.7,55.5,3,8.0,4.2,medium,medium,99.7
8.9,81.4,85.9,9,6.8,3.9,medium,medium,100.0
7.9,85.4,80.2,9,7.6,2.8,low,medium,100.0
2.4,86.2,72.7,10,5.5,3.1,medium,high,97.5
4.3,94.0,69.4,6,5.5,4.2,high,high,88.1
3.5,78.7,59.8,11,7.1,1.9,low,medium,96.3
7.8,100.0,38.0,8,6.7,4.6,medium,low,94.6
6.4,81.9,48.8,5,6.0,3.8,high,low,71.8
2.5,87.9,58.9,5,7.1,3.0,low,low,83.5
5.5,78.7,56.6,8,7.3,5.3,low,low,76.8
2.3,77.6,74.3,4,6.1,1.1,medium,medium,71.7
5.9,81.0,82.2,12,6.4,2.3,medium,high,100.0
1.9,80.2,68.1,11,7.3,2.0,medium,medium,93.7
7.3,84.7,91.1,12,5.8,3.5,medium,medium,100.0
6.9,80.2,58.3,12,6.3,4.8,medium,medium,94.2
10.8,93.6,68.0,7,7.6,1.5,medium,medium,100.0
8.1,81.7,69.2,6,7.0,8.0,low,medium,90.9
4.9,80.8,86.4,1,6.4,2.0,medium,high,90.3
8.0,84.9,71.6,7,5.9,3.5,low,medium,93.7
2.5,95.9,72.0,12,5.8,3.0,high,high,96.7
3.6,89.7,45.2,6,6.8,3.1,low,low,63.8
6.8,87.2,56.5,7,9.4,1.8,low,medium,88.7
0.6,76.5,86.4,7,7.7,4.6,medium,medium,82.2
5.9,78.9,38.9,9,5.4,1.7,low,medium,72.5
3.4,77.8,90.1,11,7.8,0.3,medium,medium,90.8
6.3,98.5,77.5,4,6.1,1.3,high,low,99.4
3.3,92.2,58.8,5,7.0,5.2,medium,high,74.7
7.1,81.1,57.5,12,6.3,4.9,low,medium,88.9
6.0,83.5,98.4,10,9.4,0.0,low,medium,100.0
9.5,81.4,91.2,7,5.6,4.2,medium,high,100.0
6.0,80.9,68.2,12,7.4,0.0,medium,medium,100.0
4.1,91.7,72.0,5,6.2,3.0,low,high,88.9
5.4,85.7,60.3,10,7.9,1.2,low,low,99.7
2.6,100.0,72.0,8,7.4,4.3,high,medium,98.7
7.0,98.0,59.9,10,8.5,3.8,low,low,96.4
7.5,98.5,68.8,2,7.9,4.5,medium,high,86.3
12.2,93.4,97.2,7,6.2,2.6,low,high,100.0
4.4,84.6,68.6,10,10.0,2.7,medium,high,97.8
5.3,92.8,54.3,8,7.7,0.8,medium,medium,82.6
4.6,85.2,49.5,11,6.3,1.5,low,low,80.6
6.5,100.0,71.9,11,7.2,4.4,medium,medium,100.0
7.0,91.2,58.6,6,7.8,3.6,low,medium,97.5
5.9,90.1,73.7,10,7.7,3.2,high,low,92.9
8.7,89.0,45.7,6,7.6,4.9,medium,medium,88.6
4.5,100.0,80.4,8,8.2,1.0,low,high,94.2
8.5,76.5,54.1,10,8.0,4.1,medium,medium,92.7
7.3,100.0,70.7,6,6.0,1.2,high,medium,100.0
6.0,86.5,64.9,10,9.5,5.2,medium,medium,94.2
5.2,76.8,95.8,7,9.4,3.8,low,low,95.6
12.1,82.0,72.6,7,8.0,4.4,medium,medium,100.0
4.0,74.8,99.2,10,7.0,1.9,low,medium,100.0
6.7,93.2,78.4,6,7.1,6.3,medium,medium,94.8
4.1,79.7,91.4,6,6.6,6.0,low,medium,98.5
10.5,89.3,66.9,11,6.8,3.6,medium,low,100.0
8.2,97.1,75.2,8,4.4,4.8,medium,low,100.0
4.3,82.6,88.3,4,8.8,2.5,low,medium,89.3
7.3,85.9,83.6,10,8.4,1.1,high,medium,100.0
6.6,77.6,78.0,7,5.0,4.2,medium,medium,100.0
4.7,84.9,65.1,4,8.1,1.6,low,low,78.7
7.9,100.0,67.6,2,7.0,5.0,medium,high,92.1
7.0,94.2,87.1,10,6.8,4.6,medium,medium,100.0
6.5,85.9,90.2,6,7.6,3.4,low,low,94.0
5.9,83.1,61.1,5,4.9,3.3,medium,medium,77.6
7.1,87.7,58.8,10,7.0,4.5,high,medium,98.6
6.6,89.0,56.4,10,7.1,3.4,low,high,92.2
6.1,84.6,82.4,6,7.1,2.4,high,high,95.4
4.4,92.2,56.1,10,5.4,0.7,medium,medium,71.0
10.2,80.4,82.3,12,7.5,4.4,low,medium,100.0
3.4,80.3,78.2,11,8.3,3.5,medium,medium,100.0
7.1,91.0,61.8,11,7.5,7.1,medium,medium,100.0
5.2,78.7,93.5,9,6.7,2.9,medium,low,94.0
10.4,93.8,48.1,7,10.0,3.5,medium,medium,92.6
3.7,87.9,94.9,8,5.9,3.5,low,high,89.9
4.2,73.4,74.8,9,7.9,4.0,low,low,92.3
3.6,88.9,38.9,5,7.3,1.5,low,medium,77.8
6.8,74.5,93.9,6,9.4,2.9,medium,low,100.0
2.6,93.5,84.6,4,7.5,4.2,high,medium,94.8
4.8,86.0,63.6,9,7.7,2.5,high,medium,95.8
0.6,100.0,55.5,8,7.6,4.2,high,medium,78.2
6.6,96.6,46.5,6,5.7,3.1,medium,medium,91.6
4.7,79.5,100.0,10,6.0,3.6,low,high,100.0
2.3,71.8,56.1,5,6.7,4.7,medium,low,62.2
8.7,82.0,51.0,6,8.1,2.7,low,high,96.3
2.7,78.2,74.0,10,7.3,0.8,low,high,90.2
8.0,100.0,45.4,10,6.8,2.6,low,medium,96.0
4.2,87.9,55.3,6,8.6,1.8,high,medium,87.1
10.0,95.5,84.9,9,4.6,0.0,medium,high,100.0
7.9,85.7,77.0,6,5.4,2.8,low,medium,100.0
3.5,86.6,64.2,8,4.0,3.3,high,low,77.3
3.7,87.7,70.3,8,8.4,4.5,medium,low,93.3
7.5,96.9,63.4,9,6.9,1.3,medium,high,96.9
5.3,90.5,69.1,9,8.2,3.1,low,low,92.8
5.6,79.5,58.6,9,6.9,4.7,low,medium,86.8
9.2,100.0,61.3,5,8.2,2.1,low,medium,100.0
4.1,85.7,60.8,9,6.8,3.8,medium,medium,88.2
6.2,84.4,59.1,9,7.5,5.4,medium,medium,92.2
8.4,65.4,85.7,10,7.3,0.2,low,medium,100.0
8.0,93.1,81.6,6,7.4,3.4,low,medium,99.8
5.6,88.8,56.0,10,9.0,4.7,medium,low,90.8
5.3,88.8,52.1,5,5.1,2.5,high,medium,68.9
1.7,84.8,67.6,7,6.9,5.1,low,low,76.1
3.4,83.4,100.0,7,7.2,4.0,medium,medium,92.6
6.8,85.0,54.6,5,7.1,5.7,high,low,82.6
5.7,91.7,67.6,7,6.5,3.9,medium,medium,94.2
6.2,93.1,71.3,9,6.4,5.8,medium,low,89.9
8.6,86.2,68.4,3,8.8,3.5,medium,medium,88.5
3.0,95.6,63.1,7,6.9,0.9,high,low,75.9
5.4,87.4,87.3,4,9.9,2.1,medium,medium,91.8
6.5,84.0,76.8,12,7.6,4.5,low,high,100.0
4.2,89.6,82.7,9,6.7,4.5,low,medium,100.0
9.6,77.1,78.8,8,7.7,2.5,low,medium,100.0
8.3,89.9,83.4,9,7.1,5.7,low,medium,100.0
6.7,75.7,93.8,10,8.6,2.5,medium,low,97.9
10.5,79.8,90.0,10,5.6,3.7,low,medium,100.0
2.3,71.9,100.0,4,4.8,3.7,medium,medium,76.0
6.0,86.6,88.3,11,7.4,1.0,medium,medium,100.0
6.9,100.0,60.0,11,8.0,2.8,medium,low,100.0
3.7,87.1,82.7,8,7.3,6.6,low,high,89.2
6.8,93.1,80.7,8,7.8,1.6,low,medium,100.0
3.2,100.0,98.8,0,7.6,3.9,low,medium,78.8
7.7,91.2,55.5,5,5.2,1.3,high,high,90.1
8.6,81.9,78.4,9,7.3,1.6,low,low,100.0
6.7,83.0,59.8,11,8.6,0.9,low,high,100.0
1.4,88.0,77.7,10,7.2,4.4,low,medium,95.7
3.6,82.9,66.8,8,5.4,1.7,medium,medium,84.7
7.4,83.5,77.2,12,6.6,4.9,medium,low,100.0
6.1,95.9,48.8,11,7.7,2.2,high,high,79.7
0.0,96.2,81.9,7,9.2,3.2,low,medium,96.2
9.1,74.8,73.1,12,4.7,3.6,low,medium,100.0
6.3,81.5,72.3,5,7.4,0.6,medium,high,92.8
4.0,84.3,99.3,4,5.9,3.3,low,low,100.0
8.5,92.8,64.3,7,7.6,3.5,low,high,93.1
4.3,97.1,75.1,6,7.7,4.7,high,medium,95.0
4.3,100.0,71.5,7,6.7,1.6,medium,high,98.2
6.9,84.3,73.0,10,7.8,1.8,medium,medium,100.0
10.5,84.7,100.0,8,8.4,4.0,high,high,100.0
10.1,92.7,71.0,8,6.8,5.1,low,high,100.0
6.9,82.5,61.5,8,5.4,2.1,low,medium,87.8
7.2,86.9,98.1,2,8.7,1.1,low,medium,100.0
8.0,84.7,65.4,4,8.0,2.5,low,high,94.4
2.9,67.0,45.9,7,7.7,1.5,medium,high,71.8
7.6,89.0,58.9,6,6.2,3.6,high,high,96.2
4.2,86.5,51.3,7,8.2,1.4,high,medium,79.7
6.8,98.2,43.0,12,9.5,4.5,medium,medium,97.3
5.4,88.0,64.6,8,6.9,3.3,high,high,87.6
7.3,78.0,68.9,5,7.1,4.5,medium,medium,86.0
6.3,85.9,87.7,6,5.7,0.0,low,low,100.0
0.0,71.3,79.4,12,6.1,0.4,low,low,85.8
6.4,78.3,78.8,12,5.7,4.9,medium,medium,100.0
7.6,93.1,56.6,9,7.2,1.9,low,medium,88.1
7.1,86.0,83.3,4,6.6,0.8,low,high,97.6
5.7,95.4,90.9,9,7.4,2.7,high,high,100.0
10.1,72.3,75.9,9,5.9,3.4,low,low,100.0
6.8,86.1,76.3,8,6.8,2.8,medium,low,100.0
7.1,84.2,51.0,7,5.9,3.7,low,medium,82.0
8.6,95.6,85.8,7,7.2,3.5,medium,medium,100.0
6.9,93.4,96.7,6,5.0,3.4,medium,high,100.0
3.8,93.1,74.8,5,7.2,5.0,low,high,85.1
0.0,100.0,61.1,11,6.7,3.0,low,low,84.5
4.8,85.1,67.6,10,7.2,2.9,medium,high,85.2
7.9,98.7,63.7,7,5.0,4.2,medium,medium,95.6
5.1,79.6,64.6,9,7.8,3.8,low,high,99.9
8.0,79.4,79.7,9,6.6,1.6,low,high,100.0
6.4,94.0,74.2,12,7.3,2.9,low,medium,100.0
9.2,76.0,85.1,10,4.8,3.7,low,high,100.0
5.3,92.6,75.6,10,5.5,2.1,high,medium,100.0
7.2,88.8,57.0,8,6.5,2.2,low,high,92.0
7.3,96.6,62.5,7,8.7,0.9,medium,high,100.0
9.8,87.5,61.6,11,7.6,0.0,medium,high,100.0
1.7,88.4,67.2,10,7.2,2.4,high,low,87.0
4.9,92.1,96.9,6,5.9,3.2,low,high,92.4
8.1,82.7,99.3,9,5.7,1.4,medium,low,100.0
9.9,82.4,82.5,10,7.3,5.1,medium,high,100.0
6.6,91.8,71.8,3,7.8,1.4,low,high,80.1
5.3,87.8,49.6,6,7.3,4.4,low,low,73.4
7.9,84.7,73.3,9,9.1,3.6,high,medium,100.0
8.2,87.3,58.1,3,6.2,6.3,medium,medium,86.1
5.1,100.0,94.5,4,7.2,3.8,low,high,100.0
6.8,84.5,45.9,7,5.0,0.8,medium,low,85.5
9.0,84.2,75.8,9,7.3,4.6,low,high,100.0
10.7,74.3,56.9,9,8.8,5.5,low,high,100.0
7.9,87.7,69.9,12,5.8,0.3,low,medium,100.0
6.1,93.3,80.0,8,8.0,4.0,low,medium,91.6
5.9,94.7,85.3,7,8.7,4.3,medium,medium,96.8
7.4,88.9,69.1,5,6.2,2.7,medium,low,83.2
5.7,95.6,81.4,7,7.6,0.0,low,high,93.1
6.5,93.8,60.1,10,8.9,2.6,medium,low,100.0
3.4,96.9,73.7,10,7.3,2.1,medium,medium,81.0
9.2,95.9,85.0,9,7.9,5.3,medium,low,100.0
3.1,100.0,75.0,9,4.9,2.9,low,medium,98.4
4.9,86.6,62.1,11,7.7,2.4,low,medium,92.5
6.2,77.4,65.8,8,7.6,2.1,high,medium,99.6
11.0,93.3,85.2,11,5.4,3.5,low,low,100.0
4.9,94.2,53.6,6,5.8,3.1,low,medium,77.2
4.3,100.0,55.8,8,7.7,1.8,medium,medium,92.8
4.6,98.3,79.0,7,6.6,3.4,medium,medium,94.6
10.1,100.0,63.4,10,8.3,2.2,high,low,100.0
0.0,93.0,48.2,5,7.4,0.0,low,medium,66.8
3.5,89.8,90.3,7,7.1,4.0,high,medium,100.0
12.8,76.9,53.5,3,6.8,3.9,low,high,100.0
7.5,90.5,67.0,9,7.4,3.3,high,medium,100.0
3.2,83.6,60.7,11,8.0,2.3,low,low,85.5
5.9,89.7,65.5,10,7.6,2.9,high,low,100.0
6.2,88.4,56.7,10,6.5,4.2,high,medium,91.0
8.1,91.8,80.7,10,8.5,2.1,medium,low,100.0
10.6,87.2,71.7,10,7.8,4.3,medium,high,100.0
7.0,95.5,84.8,10,7.5,0.8,low,medium,100.0
4.7,66.2,60.9,10,7.1,3.3,medium,low,78.5
8.0,89.5,100.0,6,7.6,3.0,low,high,100.0
4.3,97.6,41.4,7,4.8,4.5,medium,low,80.6
3.4,100.0,46.2,8,7.3,1.6,low,high,83.0
1.6,93.9,96.3,7,9.0,1.8,low,low,100.0
2.1,100.0,77.1,4,7.3,0.9,low,medium,91.4
3.8,89.4,75.1,5,7.1,2.1,medium,high,98.4
3.1,88.0,76.5,9,6.3,3.4,medium,medium,91.4
6.8,92.2,78.6,10,7.6,0.3,medium,low,100.0
3.0,88.0,74.5,8,6.8,2.3,low,high,87.4
0.0,81.7,55.5,12,8.6,3.9,low,medium,82.6
3.4,83.9,82.3,6,6.0,2.8,medium,high,88.6
4.8,79.1,79.9,9,6.5,3.1,low,medium,93.8
4.5,92.2,91.4,11,6.3,0.7,medium,low,100.0
9.8,88.1,96.5,11,9.2,2.8,medium,medium,100.0
4.5,85.1,75.0,10,6.8,3.0,high,high,99.7
8.2,83.5,51.6,11,6.3,2.8,low,low,94.2
6.0,92.0,96.6,8,4.5,3.2,low,low,100.0
5.9,94.2,54.7,12,5.9,2.5,high,medium,93.2
3.9,79.0,75.1,11,7.6,2.3,high,high,98.7
5.9,77.7,66.1,6,7.6,1.4,medium,medium,83.2
4.1,95.6,63.5,9,6.2,4.5,low,medium,76.6
6.4,77.0,81.5,4,6.3,1.2,medium,low,94.3
5.4,92.4,73.7,12,9.2,3.2,medium,medium,97.7
3.6,100.0,77.7,9,10.0,5.7,low,medium,89.7
8.5,100.0,57.8,11,8.4,4.7,low,low,100.0
7.1,93.9,67.4,8,8.9,3.8,medium,medium,98.1
4.9,93.7,58.5,3,9.1,3.4,low,medium,79.7
6.4,100.0,67.0,12,9.7,2.8,high,medium,100.0
5.8,69.3,68.2,8,6.6,1.6,low,high,96.3
3.8,84.3,97.7,5,5.9,2.6,high,high,94.6
6.2,94.8,66.1,11,9.2,3.9,medium,medium,100.0
4.4,85.3,38.1,12,5.8,3.6,high,high,82.0
3.6,97.9,90.9,7,5.8,4.2,medium,high,100.0
1.9,87.7,76.7,8,5.8,4.8,low,medium,90.6
5.1,89.1,68.0,9,6.8,2.8,low,high,100.0
7.4,85.8,63.4,5,4.6,3.3,low,low,75.4
4.3,83.8,55.8,6,5.3,0.2,medium,high,79.2
12.3,83.6,99.1,12,6.3,6.4,low,medium,100.0
8.2,90.2,70.8,8,5.6,2.4,medium,low,100.0
9.3,81.8,43.9,6,8.3,4.0,high,medium,89.2
8.0,95.6,74.9,7,7.0,2.4,medium,low,100.0
10.6,93.2,88.1,11,7.7,2.3,medium,low,100.0
4.0,96.8,72.3,3,7.6,2.6,high,medium,84.5
0.0,79.0,56.5,9,6.8,1.1,medium,low,74.6
4.9,74.4,55.1,12,8.2,0.0,low,high,95.7
7.4,88.0,56.2,12,7.5,4.7,low,high,96.2
6.4,100.0,92.8,9,6.6,3.8,medium,medium,100.0
6.7,98.1,68.9,11,5.0,1.6,low,medium,100.0
9.3,83.6,44.8,11,7.6,3.7,medium,medium,97.9
7.0,91.4,75.8,8,5.5,4.2,high,low,100.0
8.0,93.8,72.1,10,7.5,2.0,medium,medium,100.0
3.7,77.1,63.3,12,7.1,3.6,low,medium,86.3
3.3,99.0,54.7,5,5.4,4.5,low,medium,84.8
10.0,86.7,54.0,9,7.3,0.8,high,low,100.0
6.3,87.3,86.3,9,7.2,3.8,low,high,100.0
4.4,88.2,73.7,8,7.2,3.5,low,low,99.4
4.4,97.2,77.2,8,7.2,5.8,medium,medium,91.0
4.4,82.0,73.7,9,6.2,3.8,medium,medium,88.4
4.2,74.3,74.9,9,7.7,2.4,low,medium,87.6
2.8,90.6,63.0,11,6.2,2.6,medium,high,94.0
2.2,71.7,66.9,9,5.7,6.0,medium,low,83.3
5.5,85.6,87.5,8,7.8,2.5,low,low,98.2
4.5,97.5,91.2,6,8.1,3.9,medium,low,94.6
8.8,92.6,51.7,7,7.7,2.6,medium,medium,100.0
6.7,96.3,66.9,9,6.8,4.6,low,medium,95.9
6.7,93.0,82.6,6,4.7,4.7,high,high,100.0
4.1,100.0,98.2,10,8.8,3.0,low,high,100.0
5.7,83.3,96.7,9,4.7,2.4,medium,low,100.0
6.9,91.2,58.1,11,7.7,2.4,medium,high,100.0
7.8,84.5,89.1,6,9.5,0.4,medium,high,100.0
5.8,95.7,70.9,6,7.2,3.2,low,medium,94.3
8.7,87.5,85.7,11,7.3,3.1,medium,medium,100.0
6.0,100.0,81.8,8,7.5,1.8,high,medium,100.0
8.0,83.8,51.0,7,7.2,0.2,medium,medium,93.7
4.8,99.3,78.2,10,9.8,3.3,low,medium,100.0
1.5,92.7,85.1,10,6.0,3.5,low,low,97.0
6.7,87.7,69.7,5,5.8,3.6,medium,medium,91.4
7.8,92.3,66.3,11,6.6,1.5,low,medium,100.0
7.4,90.1,46.4,7,9.1,3.6,high,low,90.2
7.1,90.8,80.3,12,6.3,2.7,high,high,100.0
5.1,86.3,73.1,5,7.5,4.3,high,low,90.5
4.0,82.4,56.2,9,8.3,1.5,low,medium,87.6
7.4,85.3,65.1,8,7.9,4.7,medium,medium,93.9
7.1,74.5,72.3,3,8.2,5.3,low,medium,83.2
4.6,94.7,61.6,10,8.7,3.2,low,low,95.5
8.8,78.1,70.0,3,7.4,3.6,medium,medium,84.9
3.8,86.3,43.8,7,6.5,4.2,low,medium,72.4
4.5,93.2,90.2,11,7.2,1.5,low,low,100.0
10.1,94.7,70.2,7,6.6,2.3,high,low,100.0
8.2,73.8,53.5,6,10.0,3.3,medium,medium,88.9
5.1,87.3,33.1,10,6.4,6.0,high,medium,83.9
6.7,91.7,85.4,7,7.6,1.2,low,low,94.5
6.4,88.4,78.4,7,5.2,5.5,high,medium,100.0
0.0,98.8,73.2,11,7.2,2.7,low,medium,97.1
3.7,81.4,83.0,5,6.7,2.9,low,high,95.1
5.9,71.6,82.9,7,7.8,4.8,medium,medium,85.1
5.1,94.5,72.9,10,7.8,6.0,medium,low,100.0
6.6,83.7,66.2,5,8.7,3.6,medium,medium,84.0
8.8,73.9,63.7,12,8.6,4.7,medium,low,100.0
5.2,86.7,76.3,7,6.9,1.6,low,medium,95.3
3.4,97.8,91.0,10,5.9,2.2,high,medium,100.0
6.8,77.9,68.5,10,6.0,1.0,low,high,93.9
5.2,100.0,92.1,8,7.4,2.2,medium,medium,99.2
5.6,81.3,75.6,7,7.2,3.8,high,high,92.6
5.3,88.7,75.7,8,7.3,3.3,medium,medium,98.0
11.6,78.2,100.0,10,6.4,5.6,high,medium,100.0
0.4,88.3,94.8,6,8.7,6.1,medium,low,87.7
5.0,86.9,95.2,5,5.2,2.8,low,low,85.8
6.0,76.1,58.0,12,6.3,2.0,medium,high,95.7
4.0,100.0,100.0,6,5.7,4.7,medium,high,100.0
8.2,84.0,68.8,9,6.7,4.9,low,medium,100.0
8.0,84.0,66.6,7,8.5,3.7,medium,medium,100.0
5.9,95.8,37.6,8,6.7,4.1,low,medium,84.8
5.3,100.0,74.9,12,7.1,3.8,low,medium,100.0
5.7,97.0,53.7,8,7.8,1.5,high,high,100.0
5.7,78.4,76.1,7,6.6,1.2,high,low,94.3
5.8,89.7,52.6,7,7.5,2.9,medium,medium,88.6
5.5,72.9,97.0,7,7.3,2.7,low,medium,100.0
6.6,95.2,78.3,6,5.6,3.4,low,medium,100.0
7.9,74.9,100.0,7,6.4,2.8,low,low,94.7
2.9,81.6,54.7,12,7.4,0.4,low,medium,87.4
3.4,88.0,93.2,10,8.5,0.0,medium,medium,100.0
1.6,91.6,43.0,7,8.5,4.1,medium,high,86.5
8.2,85.9,73.1,10,9.5,2.0,medium,high,100.0
6.6,100.0,60.5,4,7.6,2.7,low,medium,92.8
7.3,93.8,63.3,11,6.5,2.2,high,high,100.0
2.4,93.2,62.3,11,6.9,1.6,low,medium,92.4
10.5,78.2,56.3,12,6.9,1.6,low,medium,100.0
4.5,100.0,51.1,11,6.5,4.5,low,low,86.4
6.4,81.6,63.4,9,7.5,2.6,low,medium,90.0
8.1,100.0,71.7,11,7.5,4.0,medium,medium,100.0
3.5,100.0,87.5,6,5.6,4.2,medium,high,94.4
4.6,92.1,74.4,7,8.3,3.5,medium,medium,100.0
6.4,96.3,87.5,8,4.8,4.2,low,high,100.0
13.1,63.3,47.8,11,6.7,3.0,high,medium,100.0
6.8,86.4,63.5,6,8.4,5.0,medium,low,91.7
10.0,96.8,80.7,6,7.7,4.2,high,high,100.0
9.0,95.4,75.1,9,6.6,4.4,low,medium,100.0
6.9,78.2,57.1,10,9.4,1.6,high,medium,96.7
3.5,85.7,84.0,6,6.5,3.4,medium,low,84.8
8.6,67.7,62.0,10,4.6,0.2,medium,high,91.1
2.3,91.3,58.3,11,7.5,5.1,low,low,98.6
10.0,72.9,77.3,11,4.9,2.1,low,high,100.0
6.5,97.0,70.1,9,6.0,2.3,high,low,99.7
0.0,97.5,62.2,8,7.7,0.9,low,low,82.6
5.1,84.2,61.6,12,6.4,2.9,medium,high,93.2
7.6,92.2,54.0,8,7.7,2.6,medium,medium,100.0
5.4,86.3,64.1,10,5.6,5.7,medium,medium,94.1
7.8,89.9,86.5,12,8.0,4.3,low,medium,100.0
3.9,78.8,73.7,10,5.0,2.2,high,medium,89.8
2.7,93.0,84.4,6,8.6,0.5,low,medium,83.5
5.8,74.9,77.7,5,6.4,0.0,high,low,87.8
6.1,73.4,60.8,7,8.8,1.5,medium,medium,83.1
5.1,87.0,45.3,10,6.0,1.0,low,low,77.2
9.1,86.3,56.1,9,9.3,3.5,low,high,100.0
3.9,90.2,59.9,12,5.9,2.8,medium,high,95.8
6.8,82.8,58.8,9,4.8,3.0,medium,medium,98.6
6.2,100.0,84.7,7,7.1,1.6,low,medium,100.0
2.1,89.3,84.6,5,8.5,3.2,low,medium,87.1
2.7,89.9,100.0,11,7.9,0.9,medium,medium,100.0
6.0,89.6,58.5,8,8.4,2.9,low,medium,83.3
11.0,96.0,94.0,4,8.0,4.2,low,medium,100.0
7.4,92.6,93.9,8,6.0,2.5,medium,low,100.0
1.7,91.5,66.5,6,7.9,3.7,low,medium,84.9
0.0,93.9,77.1,7,7.1,0.0,low,low,78.2
7.8,73.4,88.6,8,6.1,0.0,medium,high,100.0
5.8,73.7,69.1,6,7.2,3.5,medium,medium,84.1
8.9,87.4,68.0,7,6.9,4.6,medium,medium,100.0
3.8,86.4,60.6,6,8.7,2.6,low,medium,84.3
6.9,92.6,34.6,6,6.4,6.2,medium,low,69.6
8.1,88.2,71.1,5,6.3,0.8,low,low,96.3
4.9,92.7,59.4,7,6.2,2.0,medium,medium,83.7
4.9,78.0,53.9,6,9.3,3.2,low,medium,86.6
6.1,87.9,76.3,9,6.2,3.7,low,medium,100.0
7.4,77.3,48.2,9,8.6,2.1,medium,low,94.9
6.0,91.1,82.1,11,5.8,1.4,low,medium,100.0
8.4,73.0,77.3,12,7.6,3.9,high,medium,100.0
4.8,90.8,64.0,10,7.3,3.2,high,medium,100.0
2.7,76.2,69.1,9,8.5,2.5,low,medium,90.8
10.9,84.9,52.1,10,8.3,3.7,medium,high,100.0
4.5,95.2,81.3,9,7.1,2.8,medium,medium,93.8
4.6,89.8,72.8,8,6.4,2.8,low,medium,87.1
5.8,74.8,73.9,8,8.9,2.7,low,medium,97.8
6.2,82.6,77.5,5,6.2,1.8,high,high,82.0
5.0,76.0,60.4,10,4.3,1.6,low,medium,85.9
6.0,74.4,47.2,8,4.8,2.2,medium,low,76.1
5.9,88.9,84.4,12,5.1,3.0,medium,low,100.0
6.4,92.5,80.3,10,7.7,0.2,low,medium,100.0
0.1,91.5,62.0,6,9.7,4.4,medium,medium,75.8
10.7,92.8,76.1,11,4.6,3.0,high,medium,100.0
5.6,87.9,88.9,2,6.1,1.4,low,medium,86.7
7.5,85.8,87.1,12,7.1,5.4,low,low,100.0
2.6,79.4,61.5,5,8.9,3.1,low,medium,72.1
4.8,84.5,47.7,9,6.1,1.0,medium,medium,85.7
4.3,77.4,50.2,9,7.7,5.4,medium,high,83.0
9.7,81.2,65.3,11,6.7,5.0,medium,medium,100.0
4.5,88.7,91.9,7,10.0,1.6,medium,low,100.0
7.9,87.1,59.1,3,7.2,2.5,high,medium,87.2
4.4,100.0,61.1,7,7.4,2.3,low,medium,86.5
4.9,77.2,60.7,7,7.1,0.2,high,medium,80.7
5.4,87.0,62.0,3,6.5,3.5,low,medium,79.8
9.2,76.6,69.8,8,8.1,4.3,low,high,98.9
1.3,84.9,50.8,5,5.6,4.0,low,low,63.0
2.7,85.2,86.3,10,4.6,3.0,low,low,85.6
1.1,94.8,67.8,7,6.8,4.4,high,low,84.2
3.3,84.4,100.0,12,8.0,1.3,medium,high,100.0
4.0,86.5,52.4,7,6.3,5.7,medium,medium,83.3
2.0,84.6,93.8,9,7.2,1.8,low,medium,91.9
4.2,76.8,90.9,7,5.5,2.0,low,low,94.6
1.0,82.8,63.8,4,8.3,2.1,high,low,74.8
3.5,84.9,64.1,7,7.8,2.0,high,medium,88.1
9.0,88.6,56.2,10,7.0,2.7,medium,medium,100.0
7.0,92.5,56.4,10,7.2,2.7,low,medium,100.0
6.5,86.1,70.0,7,5.3,3.2,low,medium,99.5
3.5,86.0,70.3,4,5.4,1.8,high,high,75.9
2.2,74.2,46.0,10,6.9,3.2,low,medium,70.5
3.2,92.3,100.0,9,7.6,1.4,low,high,100.0
5.9,82.4,66.1,10,7.7,4.1,medium,medium,100.0
8.2,94.0,71.0,7,6.6,4.1,high,medium,100.0
8.3,98.5,60.6,4,7.9,3.0,low,medium,88.5
7.6,86.5,66.0,9,8.7,2.0,medium,high,99.3
4.2,79.8,64.6,8,6.9,3.5,low,medium,86.8
6.1,87.9,70.0,11,7.4,1.7,medium,medium,100.0
5.2,90.8,69.8,8,6.8,3.1,low,medium,85.8
5.5,85.5,82.1,8,6.8,2.8,high,high,98.8
11.1,83.5,73.4,9,7.2,6.9,medium,low,97.1
1.6,92.5,80.6,7,9.0,1.2,high,medium,76.7
5.4,92.0,69.9,6,8.1,0.0,medium,low,93.8
9.0,85.2,73.5,8,8.0,2.0,high,high,100.0
2.3,74.8,66.4,6,6.5,0.4,medium,high,78.7
4.4,91.7,85.0,7,5.9,1.9,medium,medium,100.0
4.7,81.9,74.8,12,7.5,1.1,low,medium,89.6
5.4,89.7,67.6,11,8.5,1.6,high,medium,89.8
2.0,89.2,67.2,9,9.1,1.4,medium,medium,81.5
7.5,72.9,68.4,12,4.1,4.4,medium,medium,86.0
7.7,88.6,70.5,6,9.9,2.9,medium,high,97.1
7.3,92.1,69.2,12,7.5,4.6,medium,medium,100.0
3.8,93.1,61.6,7,8.1,3.1,medium,medium,88.7
6.2,88.9,81.5,12,4.9,4.4,medium,medium,100.0
3.8,72.2,82.4,12,6.7,2.5,medium,low,97.9
5.2,98.2,96.8,4,8.0,5.4,medium,medium,96.9
11.4,91.3,60.9,12,5.6,3.7,medium,medium,100.0
6.2,78.4,80.0,7,4.0,1.8,medium,medium,95.3
3.0,81.7,41.4,7,7.4,3.9,high,low,63.0
6.5,89.8,82.4,9,6.9,3.0,medium,medium,85.6
2.6,93.4,48.2,5,8.7,2.7,low,medium,77.9
3.0,84.1,55.2,9,6.8,3.1,low,medium,83.6
3.4,94.6,75.0,6,6.9,4.1,high,medium,99.5
4.9,73.7,60.7,8,7.8,0.0,high,medium,92.5
8.3,79.7,58.6,11,8.2,2.5,low,medium,100.0
7.4,71.5,62.7,9,6.1,4.0,high,low,90.4
7.3,80.8,80.9,7,8.1,3.4,low,low,92.4
3.3,100.0,56.0,9,6.4,1.3,high,medium,88.9
4.6,100.0,69.2,4,7.0,0.0,high,high,98.0
6.7,89.9,64.3,6,7.8,5.6,medium,medium,94.8
4.4,82.9,82.3,7,8.0,2.7,high,medium,100.0
5.3,86.2,82.7,10,7.4,5.3,medium,medium,100.0
7.1,91.8,42.5,9,5.7,4.2,low,medium,82.6
5.1,75.5,85.7,9,4.8,1.8,high,low,100.0
6.6,83.4,60.8,8,6.8,0.0,low,medium,96.8
10.0,99.5,73.5,6,8.2,2.3,low,medium,100.0
5.6,79.6,55.9,12,7.5,2.9,low,low,94.5
8.9,82.0,75.6,6,7.3,3.7,medium,high,100.0
7.4,88.1,100.0,9,7.0,1.3,medium,high,100.0
2.3,90.3,71.9,8,7.4,3.3,high,low,85.9
3.2,83.0,63.1,9,5.8,3.3,high,low,80.4
3.9,88.6,66.5,6,7.9,4.5,high,medium,87.3
3.9,92.9,48.0,11,8.0,2.5,medium,high,97.2
5.8,100.0,91.7,11,6.6,3.7,high,high,100.0
7.5,87.0,74.7,10,7.5,3.4,low,high,100.0
9.1,87.7,54.3,8,4.9,4.3,medium,medium,100.0
6.8,100.0,54.8,7,7.2,1.8,low,high,91.7
4.9,83.6,70.2,12,6.8,0.0,low,medium,91.2
0.8,77.4,84.0,6,8.5,2.6,low,low,77.4
6.2,90.0,52.7,10,6.8,2.7,low,medium,92.2
6.1,96.6,86.7,9,8.0,1.3,high,medium,100.0
6.5,90.9,68.6,8,6.5,0.7,medium,high,100.0
11.3,87.2,56.0,8,4.3,2.1,high,medium,100.0
9.1,76.4,63.0,7,6.7,2.8,medium,high,84.0
8.0,87.5,96.2,9,7.2,3.1,medium,medium,100.0
3.6,97.9,49.2,9,7.2,0.0,low,medium,84.2
4.7,78.1,59.0,12,7.2,0.4,high,high,99.9
5.8,86.0,84.3,11,6.4,4.7,low,medium,100.0
4.1,84.9,73.2,9,6.6,2.7,medium,low,85.2
7.3,82.4,58.1,9,5.6,3.0,high,medium,91.4
6.9,90.0,84.5,12,4.6,1.0,medium,high,100.0
3.3,91.5,85.2,6,6.9,3.0,high,high,90.3
9.0,91.5,75.0,8,6.1,2.4,low,high,99.8
6.3,80.2,60.8,3,8.3,2.1,medium,medium,82.1
1.7,74.8,63.1,9,4.4,0.8,low,high,85.0
5.9,90.1,74.3,10,7.3,1.7,low,low,99.7
6.7,84.0,50.3,6,9.5,6.0,low,medium,79.5
8.4,100.0,89.9,12,6.8,2.5,medium,medium,100.0
5.2,100.0,95.5,6,7.0,4.2,high,high,100.0
8.1,100.0,66.5,7,7.5,2.7,medium,low,100.0
6.5,80.5,75.3,8,7.6,2.5,high,high,100.0
2.7,92.6,87.8,12,6.5,2.0,medium,medium,93.6
2.5,95.0,99.3,6,5.8,5.0,low,low,93.3
8.8,94.1,93.4,9,7.8,3.6,medium,medium,100.0
9.0,85.2,44.0,10,4.7,1.8,low,low,90.6
6.8,98.2,65.3,9,8.0,2.4,medium,medium,100.0
9.7,88.0,77.5,10,6.5,4.6,high,medium,100.0
8.6,89.0,62.6,10,7.0,0.0,low,high,100.0
7.7,75.7,96.7,7,6.4,3.5,low,medium,100.0
3.7,93.2,94.4,12,8.7,3.8,low,high,100.0
10.3,85.9,57.8,8,7.3,1.9,medium,medium,100.0
7.3,91.7,67.6,7,6.6,3.2,low,high,93.1
5.0,89.9,58.8,11,6.6,3.8,medium,high,96.3
4.3,89.4,67.1,6,6.8,1.2,low,medium,75.1
6.6,87.6,66.6,9,9.9,4.3,medium,medium,85.9
1.8,94.3,84.3,6,5.4,3.4,high,high,85.6
7.7,86.4,56.7,12,8.3,2.8,low,high,100.0
3.6,76.4,30.7,12,7.7,3.2,medium,high,70.4
6.9,92.6,45.9,8,8.8,4.1,low,low,84.8
4.7,81.5,54.6,9,7.8,6.5,low,high,85.2
5.3,77.4,60.2,8,7.0,3.9,medium,low,84.3
4.1,79.8,72.8,7,8.2,4.2,low,medium,91.5
5.6,90.3,53.8,8,7.3,3.3,high,medium,100.0
10.7,87.2,51.8,8,7.9,5.9,high,medium,100.0
9.5,70.9,56.1,4,8.7,0.8,high,low,81.6
6.9,84.9,53.3,9,7.1,0.4,low,medium,94.4
5.9,97.4,61.7,8,6.5,3.2,medium,medium,100.0
8.1,84.4,61.0,9,6.2,4.0,medium,medium,90.1
8.8,86.7,80.3,8,7.5,0.0,low,low,97.0
3.9,96.3,55.2,7,5.9,3.0,medium,medium,75.4
5.8,94.4,64.6,10,6.6,2.7,high,medium,97.2
1.4,96.2,61.8,9,5.8,4.1,high,high,90.9
8.8,65.8,82.1,11,7.6,3.6,high,medium,100.0
11.2,100.0,67.7,9,6.1,0.3,low,medium,100.0
6.2,93.1,85.8,8,5.5,1.4,high,high,100.0
0.7,100.0,52.7,10,5.7,1.8,high,high,84.8
7.5,81.7,69.3,3,6.3,4.1,medium,medium,88.8
3.7,73.9,61.4,12,6.4,3.6,low,medium,91.2
4.3,88.1,51.6,9,7.3,2.1,medium,medium,93.4
7.6,85.8,69.0,12,6.8,3.2,low,medium,100.0
6.6,93.2,96.0,6,7.4,1.4,low,high,100.0
4.8,96.6,57.2,5,7.5,6.1,high,high,86.3
4.4,87.3,68.1,9,7.9,3.9,high,low,93.8
6.3,86.1,50.3,9,4.7,4.2,high,medium,87.7
5.0,92.2,48.1,9,5.6,5.1,low,high,79.5
3.2,85.9,58.2,8,7.7,4.5,medium,high,92.0
5.2,85.3,63.3,6,7.3,3.0,medium,medium,95.8
6.8,96.3,63.9,4,8.2,2.7,medium,low,89.1
5.6,98.1,66.6,9,5.1,4.9,medium,medium,97.5
2.5,96.7,45.3,5,6.4,3.0,high,medium,79.5
8.5,86.7,60.6,5,6.6,1.9,medium,medium,89.3
0.0,70.9,77.5,7,7.2,5.9,high,medium,79.7
4.9,86.8,49.6,9,7.0,1.6,low,medium,84.0
4.4,81.9,64.7,12,7.6,0.4,medium,medium,92.8
6.4,87.0,74.4,10,6.9,4.5,medium,low,100.0
7.4,82.6,58.3,12,8.6,1.9,medium,medium,100.0
8.8,87.8,75.1,10,9.0,3.7,high,low,100.0
4.2,79.7,47.2,9,5.7,5.7,low,medium,78.8
7.5,77.8,83.3,12,7.1,0.9,low,high,100.0
6.5,97.8,75.5,5,8.0,2.9,high,medium,100.0
1.7,80.2,70.8,7,7.7,5.2,medium,low,74.9
10.8,88.0,86.9,7,6.5,4.0,medium,medium,100.0
2.4,95.6,65.1,10,7.3,2.7,high,low,88.3
7.0,95.3,60.7,6,5.1,6.6,medium,medium,79.3
7.0,94.4,90.6,10,7.0,2.9,medium,medium,100.0
6.7,90.4,97.6,9,5.2,3.6,low,high,100.0
4.8,93.8,59.6,10,7.6,5.5,medium,low,90.0
8.1,99.0,68.3,10,5.7,4.5,medium,high,100.0
2.1,91.4,85.7,12,7.2,5.0,medium,medium,100.0
5.8,73.3,68.8,8,7.4,1.7,medium,medium,95.6
4.6,83.8,78.9,9,7.1,4.8,low,high,86.3
4.3,93.6,81.7,6,6.2,3.3,low,medium,100.0
7.1,83.0,61.6,6,6.7,1.9,medium,medium,86.7
8.7,100.0,76.3,12,8.4,3.3,medium,high,100.0
5.1,87.5,69.9,6,6.5,3.3,low,medium,83.9
8.0,88.7,51.7,10,7.0,5.8,high,low,95.6
6.1,97.0,55.2,9,6.3,3.6,low,high,96.0
3.8,86.5,60.2,11,8.2,1.8,medium,low,85.0
